test_id,batch_id,test_name,unit,lower_spec_limit,upper_spec_limit,test_result,result_status,release_status,test_date,analyst_id
LT-000001,BATCH-00002,Assay,%,95.0,105.0,100.5,PASS,Released,2024-01-07,AN-015
LT-000002,BATCH-00002,pH,pH,5.5,7.5,6.71,PASS,Released,2024-01-07,AN-001
LT-000003,BATCH-00001,Assay,%,95.0,105.0,99.9,PASS,Released,2024-01-05,AN-024
LT-000004,BATCH-00001,Dissolution,%,80.0,100.0,92.3,PASS,Released,06/01/2024,AN-013
LT-000005,BATCH-00003,Assay,%,95.0,105.0,101.8,PASS,Released,2024-01-05,AN-021
LT-000006,BATCH-00003,Impurities,%,0.0,0.5,0.03,PASS,Released,2024-01-06,AN-025
LT-000007,BATCH-00005,Assay,%,95.0,105.0,99.8,PASS,Released,2024-01-07,AN-017
LT-000008,BATCH-00005,Impurities,%,0.0,0.5,0.166,PASS,Released,2024-01-08,AN-007
LT-000009,BATCH-00006,Assay,%,95.0,105.0,100.5,Pass,Released,06/01/2024,AN-022
LT-000010,BATCH-00006,Dissolution,%,80.0,100.0,92.0,PASS,Released,2024-01-08,AN-005
LT-9013,BATCH-00510,Impurities,%,0.0,0.5,0.21,PASS,Released,2024-02-19,AN-024
LT-000011,BATCH-00006,Hardness,N,60.0,120.0,97.2,P,Released,05-Jan-2024,AN-012
LT-000012,BATCH-00004,Assay,%,95.0,105.0,103.9,PASS,Released,2024-01-06,AN-015
LT-000012,BATCH-00004,Assay,%,95.0,105.0,103.9,PASS,Released,2024-01-06,AN-015
LT-000013,BATCH-00004,Dissolution,%,80.0,100.0,86.2 %,PASS,Released,2024-01-08,AN-015
LT-000014,BATCH-00008,Assay,%,95.0,105.0,100.0,PASS,Released,2024-01-08,AN-015
LT-000015,BATCH-00007,Assay,%,95.0,105.0,101.8,PASS,Released,2024-01-08,AN-004
LT-000016,BATCH-00007,Content uniformity,%,90.0,110.0,,PASS,Released,2024-01-07,AN-006
LT-000017,BATCH-00009,Assay,%,95.0,105.0,100.0,PASS,RELEASED,2024-01-10,AN-019
LT-000018,BATCH-00009,Moisture,%,0.0,4.0,2.21,PASS,released,2024-01-09,AN-001
LT-000019,BATCH-00010,Assay,%,95.0,105.0,100.4,PASS,Released,2024-01-08,AN-011
LT-000020,BATCH-00010,Content uniformity,%,90.0,110.0,100.7,PASS,Released,2024-01-08,AN-014
LT-000021,BATCH-00010,Moisture,%,0.0,4.0,4.31,PASS,Released,2024-01-08,AN-002
LT-000022,BATCH-00011,Assay,%,95.0,105.0,100.9,PASS,Released,2024-01-12,AN-021
LT-000023,BATCH-00011,Dissolution,%,80.0,100.0,93.4,PASS,Released,2024-01-09,AN-024
LT-000024,BATCH-00012,Assay,%,95.0,105.0,98.1,PASS,Released,09-Jan-2024,AN-005
LT-000025,BATCH-00012,Hardness,N,60.0,120.0,88.4,PASS,Released,2024-01-12,AN-007
LT-000026,BATCH-00013,Assay,%,95.0,105.0,99.3,PASS,Released,2024-01-12,AN-019
LT-000027,BATCH-00013,Content uniformity,%,90.0,110.0,96.8,PASS,Released,2024-01-11,AN-021
LT-000028,BATCH-00013,Moisture,%,0.0,4.0,2.92,PASS,Released,2024-01-13,AN-003
LT-000029,BATCH-00014,Assay,%,95.0,105.0,100.8,PASS,Released,2024-01-11,AN-025
LT-000030,BATCH-00014,Content uniformity,%,90.0,110.0,97.4,PASS,Released,2024-01-13,AN-009
LT-000031,BATCH-00014,Impurities,%,0.0,0.5,<0.05,PASS,Released,2024-01-13,AN-012
LT-000032,BATCH-00015,Assay,%,95.0,105.0,100.6,PASS,Released,2024-01-12,AN-022
LT-000033,BATCH-00015,pH,pH,5.5,7.5,6.87,PASS,Released,2024-01-11,AN-022
LT-000034,BATCH-00016,Assay,%,95.0,105.0,100.4,PASS,released,2024-01-15,AN-019
LT-000035,BATCH-00016,Moisture,%,0.0,4.0,0.95,PASS,Released,15/01/2024,AN-014
LT-000036,BATCH-00017,Assay,%,95.0,105.0,100.7,PASS,Released,2024-01-15,AN-021
LT-000037,BATCH-00017,Content uniformity,%,90.0,110.0,97.8,PASS,released,2024-01-16,AN-007
LT-000038,BATCH-00017,pH,pH,5.5,7.5,6.61,PASS,Released,2024-01-15,AN-009
LT-000039,BATCH-00018,Assay,%,95.0,105.0,93.6,OOS,Quarantine,2024-01-18,AN-022
LT-000040,BATCH-00018,Impurities,%,0.0,0.5,0.566,FAIL,Quarantine,16/01/2024,AN-007
LT-000041,BATCH-00018,Moisture,%,0.0,4.0,2.55,PASS,Quarantine,2024-01-17,AN-014
LT-000042,BATCH-00020,Assay,%,95.0,105.0,102.4,PASS,Released,2024-01-16,AN-009
LT-000043,BATCH-00020,Hardness,N,60.0,120.0,106.9,PASS,Released,2024-01-19,AN-009
LT-000044,batch-00019,Assay,%,95.0,105.0,99.2,PASS,Released,2024-01-16,AN-005
LT-000045,BATCH-00019,Hardness,N,60.0,120.0,91.8,PASS,Released,2024-01-16,AN-001
LT-000046,BATCH-00021,Assay,%,95.0,105.0,100.7,PASS,Released,2024-01-18,AN-006
LT-000047,BATCH-00021,Content uniformity,%,90.0,110.0,98.2,Passed,Released,19-Jan-2024,AN-014
LT-000048,BATCH-00022,Assay,%,95.0,105.0,102.0,PASS,Released,2024-01-18,AN-011
LT-000049,BATCH-00022,Content uniformity,%,90.0,110.0,100.5,PASS,Released,2024-01-18,AN-015
LT-000050,BATCH-00023,Assay,%,95.0,105.0,102.3,pass,Released,2024-01-19,AN-017
LT-000051,BATCH-00024,Assay,%,95.0,105.0,100.9,PASS,Released,2024-01-22,AN-022
LT-000052,BATCH-00024,Dissolution,%,80.0,100.0,88.2,PASS,Released,2024-01-22,AN-012
LT-000053,BATCH-00024,Hardness,N,60.0,120.0,86.1,PASS,Released,2024-01-20,AN-024
LT-000054,BATCH-00025,Assay,%,95.0,105.0,100.7,PASS,Released,2024-01-23,AN-018
LT-000055,BATCH-00025,pH,pH,5.5,7.5,6.6,PASS,Released,2024-01-20,AN-008
LT-000056,BATCH-00026,Assay,%,95.0,105.0,102.4,PASS,Released,2024-01-24,AN-020
LT-000057,BATCH-00026,Impurities,%,0.0,0.5,0.254,PASS,Released,2024-01-24,AN-021
LT-000058,BATCH-00027,Assay,%,95.0,105.0,103.6,PASS,Released,2024-01-21,AN-015
LT-000059,BATCH-00027,Hardness,N,60.0,120.0,113.2,PASS,Released,2024-01-21,AN-002
LT-000060,BATCH-00028,Assay,%,95.0,105.0,106.0,PASS,Released,2024-01-24,AN-011
LT-000061,BATCH-00028,Impurities,%,0.0,0.5,0.218,pass,Released,25/01/2024,AN-013
LT-000062,BATCH-00029,Assay,%,95.0,105.0,98.7 %,PASS,Released,2024-01-24,AN-011
LT-000063,BATCH-00029,Moisture,%,0.0,4.0,1.95,PASS,Released,2024-01-24,AN-009
LT-000064,BATCH-00030,Assay,%,95.0,105.0,101.8,PASS,Released,2024-01-27,AN-021
LT-000065,BATCH-00030,Hardness,N,60.0,120.0,87.8,PASS,Released,2024-01-26,AN-022
LT-000066,BATCH-00031,Assay,%,95.0,105.0,97.1,PASS,Released,2024-01-25,AN-014
LT-000067,BATCH-00031,pH,pH,5.5,7.5,6.39,PASS,Released,2024-01-25,AN-023
LT-000068,batch-00032,Assay,%,95.0,105.0,100.4,PASS,Released,2024-01-25,AN-010
LT-000069,BATCH-00032,Hardness,N,60.0,120.0,102.8,PASS,Released,2024-01-28,AN-013
LT-000070,batch-00033,Assay,%,95.0,105.0,98.4,PASS,Released,2024-01-30,AN-014
LT-000071,BATCH-00033,Content uniformity,%,90.0,110.0,102.8 %,PASS,Released,2024-01-30,AN-011
LT-000072,BATCH-00033,Dissolution,%,80.0,100.0,95.4,PASS,Released,2024-01-28,AN-020
LT-000073,BATCH-00034,Assay,%,95.0,105.0,101.4,PASS,Released,2024-01-28,AN-004
LT-000074,BATCH-00034,Impurities,%,0.0,0.5,0.108,PASS,Released,2024-01-28,AN-011
LT-000075,BATCH-00035,Assay,%,95.0,105.0,99.9,PASS,Released,2024-01-29,AN-020
LT-000076,BATCH-00035,Dissolution,%,80.0,100.0,93.5,PASS,Released,2024-01-30,AN-021
LT-000077,BATCH-00036,Assay,%,95.0,105.0,98.8,PASS,RELEASED,2024-01-30,AN-015
LT-000078,BATCH-00037,Assay,%,95.0,105.0,97.1,PASS,Released,2024-01-30,AN-020
LT-000079,BATCH-00037,Impurities,%,0.0,0.5,0.119,PASS,released,2024-01-31,AN-009
LT-000080,BATCH-00038,Assay,%,95.0,105.0,101.3,PASS,Released,2024-02-03,AN-003
LT-000081,BATCH-00038,Content uniformity,%,90.0,110.0,96.7,PASS,Released,2024-02-03,AN-022
LT-000082,BATCH-00038,Hardness,N,60.0,120.0,85.0,PASS,RELEASED,2024-02-01,AN-020
LT-000083,batch-00039,Assay,%,95.0,105.0,102.0,pass,Released,2024-02-01,AN-024
LT-000084,BATCH-00039,Content uniformity,%,90.0,110.0,101.6,PASS,Released,2024-01-31,AN-024
LT-9010,BATCH-00504,Hardness,N,60.0,120.0,92.8,PASS,Released,2024-03-17,AN-009
LT-000085,BATCH-00040,Assay,%,95.0,105.0,99.2,PASS,Released,2024-02-02,AN-001
LT-000086,BATCH-00040,Hardness,N,60.0,120.0,82.2,PASS,Released,2024-02-02,AN-010
LT-000087,BATCH-00041,Assay,%,95.0,105.0,100.3,PASS,Released,2024-02-05,AN-010
LT-000088,BATCH-00041,pH,pH,5.5,7.5,6.36 pH,PASS,Released,2024-02-05,AN-014
LT-000089,BATCH-00042 ,Assay,%,95.0,105.0,98.9,PASS,Released,2024-02-02,AN-001
LT-000090,BATCH-00042,Impurities,%,0.0,0.5,0.075,P,Released,2024-02-03,AN-005
LT-000091,BATCH-00047,Assay,%,95.0,105.0,93.7,FAIL,Quarantine,2024-02-03,AN-016
LT-000092,BATCH-00047,Dissolution,%,80.0,100.0,79.4,FAIL,Quarantine,2024-02-04,AN-020
LT-000093,BATCH-00043,Assay,%,95.0,105.0,98.1,PASS,Released,06/02/2024,AN-016
LT-000094,BATCH-00043,Dissolution,%,80.0,100.0,86.9,Passed,Released,2024-02-06,AN-010
LT-000095,BATCH-00044,Assay,%,95.0,105.0,97.2,PASS,Released,2024-02-05,AN-014
LT-000096,BATCH-00044,pH,pH,5.5,7.5,6.53,PASS,Released,2024-02-05,AN-002
LT-000097,BATCH-00045,Assay,%,95.0,105.0,99.2,PASS,Released,2024-02-05,AN-016
LT-000098,BATCH-00045,Impurities,%,0.0,0.5,0.182,PASS,Released,2024-02-05,AN-019
LT-000099,BATCH-00046,Assay,%,95.0,105.0,100.2,PASS,Released,2024-02-06,AN-015
LT-000100,BATCH-00046,Content uniformity,%,90.0,110.0,101.7,PASS,Released,2024-02-07,AN-005
LT-000101,BATCH-00048,Assay,%,95.0,105.0,102.9,PASS,Released,2024-02-07,AN-017
LT-000102,BATCH-00048,Moisture,%,0.0,4.0,1.81,PASS,Released,2024-02-07,AN-007
LT-000103,BATCH-00049,Assay,%,95.0,105.0,101.8,PASS,Released,2024-02-08,AN-002
LT-000104,BATCH-00049,Dissolution,%,80.0,100.0,90.0,PASS,Released,2024-02-10,AN-019
LT-000105,BATCH-00050,Assay,%,95.0,105.0,99.7,PASS,Released,2024-02-11,AN-022
LT-000106,BATCH-00050,Hardness,N,60.0,120.0,99.3,PASS,Released,2024-02-11,AN-005
LT-000107,BATCH-00051 ,Assay,%,95.0,105.0,100.3,PASS,Released,2024-02-11,AN-004
LT-000108,BATCH-00052,Assay,%,95.0,105.0,100.4,PASS,Released,2024-02-12,AN-005
LT-000109,BATCH-00052,Content uniformity,%,90.0,110.0,101.0,PASS,Released,2024-02-12,AN-017
LT-000110,BATCH-00054,Assay,%,95.0,105.0,100.9,PASS,Released,2024-02-18,AN-004
LT-000111,BATCH-00053,Assay,%,95.0,105.0,100.8,PASS,Released,2024-02-17,AN-016
LT-000112,BATCH-00053,Impurities,%,0.0,0.5,0.186,PASS,Released,2024-02-17,AN-020
LT-000113,BATCH-00056,Assay,%,95.0,105.0,98.7,PASS,Released,2024-02-18,AN-007
LT-000114,BATCH-00056,Moisture,%,0.0,4.0,2.58,PASS,Released,2024-02-19,AN-010
LT-000115,BATCH-00056,pH,pH,5.5,7.5,6.76,PASS,Released,2024-02-19,AN-021
LT-000116,BATCH-00055,Assay,%,95.0,105.0,99.4,PASS,Released,20/02/2024,AN-005
LT-000117,BATCH-00055,Impurities,%,0.0,0.5,0.177,PASS,RELEASED,2024-02-17,AN-008
LT-000118,BATCH-00057,Assay,%,95.0,105.0,99.6,PASS,Released,2024-02-17,AN-010
LT-000119,BATCH-00057,pH,pH,5.5,7.5,6.72,PASS,Released,2024-02-19,AN-017
LT-000120,BATCH-00059,Assay,%,95.0,105.0,99.0,PASS,Released,2024-02-20,AN-010
LT-000121,BATCH-00059,Hardness,N,60.0,120.0,83.2,PASS,Released,2024-02-19,AN-014
LT-000122,BATCH-00058,Assay,%,95.0,105.0,97.4,PASS,Released,2024-02-21,AN-021
LT-000123,BATCH-00058,Content uniformity,%,90.0,110.0,97.0,PASS,Released,18/02/2024,AN-005
LT-000124,BATCH-00061,Assay,%,95.0,105.0,98.4,PASS,Quarantine,2024-02-19,AN-020
LT-000125,BATCH-00061,Content uniformity,%,90.0,110.0,112.7,Fail,Quarantine,2024-02-21,AN-019
LT-000126,BATCH-00060,Assay,%,95.0,105.0,101.5,Pass,Released,2024-02-19,AN-001
LT-000127,BATCH-00060,pH,pH,5.5,7.5,6.27,PASS,Released,2024-02-20,AN-021
LT-000128,BATCH-00063,Assay,%,95.0,105.0,102.7,P,Released,19/02/2024,AN-006
LT-000129,BATCH-00063,Impurities,%,0.0,0.5,0.21,PASS,Released,2024-02-19,AN-024
LT-000130,BATCH-00062,Assay,%,95.0,105.0,99.7,PASS,Released,2024-02-19,AN-006
LT-000131,BATCH-00062,Dissolution,%,80.0,100.0,92.9,PASS,Released,2024-02-18,AN-007
LT-000132,BATCH-00064,Assay,%,95.0,105.0,97.6,PASS,Released,2024-02-20,AN-015
LT-000133,BATCH-00064,pH,pH,5.5,7.5,6.18,PASS,Released,2024-02-21,AN-016
LT-000134,BATCH-00066,Assay,%,95.0,105.0,101.1,PASS,Released,19/02/2024,AN-002
LT-000135,BATCH-00066,Hardness,N,60.0,120.0,84.7,PASS,Released,2024-02-21,AN-016
LT-000136,BATCH-00065,Assay,%,95.0,105.0,101.9,PASS,Released,2024-02-19,AN-019
LT-000137,BATCH-00068,Assay,%,95.0,105.0,94.4,FAIL,Quarantine,2024-02-22,AN-015
LT-000138,BATCH-00068,Content uniformity,%,90.0,110.0,101.8,PASS,Quarantine,2024-02-20,AN-010
LT-000139,BATCH-00067,Assay,%,95.0,105.0,98.6,PASS,Released,2024-02-21,AN-021
LT-000140,BATCH-00067,pH,pH,5.5,7.5,,PASS,Released,2024-02-23,AN-005
LT-000141,BATCH-00069,Assay,%,95.0,105.0,100.1,PASS,Released,2024-02-22,AN-003
LT-000142,BATCH-00069,Dissolution,%,80.0,100.0,87.4,PASS,Released,22/02/2024,AN-015
LT-000143,BATCH-00070,Assay,%,95.0,105.0,97.2,PASS,Released,2024-02-23,AN-023
LT-000144,BATCH-00070,Dissolution,%,80.0,100.0,87.7,pass,Released,2024-02-23,AN-002
LT-000145,BATCH-00071,Assay,%,95.0,105.0,98.9,PASS,Released,2024-02-24,AN-008
LT-000146,BATCH-00071,Dissolution,%,80.0,100.0,87.2,PASS,Released,2024-02-24,AN-003
LT-000147,BATCH-00072,Assay,%,95.0,105.0,101.1,PASS,Released,2024-02-23,AN-024
LT-000148,BATCH-00072,Moisture,%,0.0,4.0,2.57,PASS,Released,2024-02-23,AN-024
LT-000149,BATCH-00073,Assay,%,95.0,105.0,100.9,PASS,Released,2024-02-25,AN-001
LT-000150,BATCH-00073,Dissolution,%,80.0,100.0,91.5,pass,Released,2024-02-22,AN-017
LT-000151,BATCH-00073,Moisture,%,0.0,4.0,2.63 %,PASS,Released,2024-02-25,AN-001
LT-000152,BATCH-00074,Assay,%,95.0,105.0,102.3,PASS,Released,2024-02-24,AN-024
LT-000153,BATCH-00074,Dissolution,%,80.0,100.0,88.0,PASS,Released,2024-02-24,AN-021
LT-000154,BATCH-00075,Assay,%,,105.0,100.8,PASS,Released,2024-02-23,AN-018
LT-000155,BATCH-00075,pH,pH,5.5,7.5,6.7,PASS,Released,2024-02-25,AN-006
LT-000156,BATCH-00076,Assay,%,95.0,105.0,99.3,PASS,Released,2024-02-26,AN-015
LT-000157,BATCH-00076,Impurities,%,0.0,0.5,0.133,PASS,Released,2024-02-26,AN-025
LT-000158,BATCH-00078,Assay,%,95.0,105.0,100.4,PASS,Released,2024-02-26,AN-020
LT-000159,BATCH-00078,Hardness,N,60.0,120.0,84.1,PASS,Released,2024-02-26,AN-023
LT-000160,BATCH-00080,Assay,%,95.0,105.0,98.0,PASS,Released,2024-02-26,AN-003
LT-000161,BATCH-00080,pH,pH,5.5,7.5,6.55,pass,Released,2024-02-24,AN-008
LT-000162,BATCH-00079,Assay,%,95.0,105.0,100.2,PASS,Released,2024-02-25,AN-010
LT-000163,BATCH-00079,Content uniformity,%,90.0,110.0,101.0,PASS,Released,2024-02-25,AN-009
LT-000164,BATCH-00077,Assay,%,95.0,105.0,98.5,PASS,Released,2024-02-25,AN-023
LT-000165,BATCH-00077,Content uniformity,%,90.0,110.0,103.2,PASS,Released,2024-02-27,AN-017
LT-000166,BATCH-00081,Assay,%,95.0,105.0,99.4,PASS,Released,2024-02-26,AN-015
LT-000167,BATCH-00081,Dissolution,%,80.0,100.0,93.7,P,Released,2024-02-26,AN-001
LT-000168,BATCH-00082,Assay,%,95.0,105.0,99.1,PASS,Released,28/02/2024,AN-013
LT-000169,BATCH-00082,Content uniformity,%,90.0,110.0,110.9,PASS,Released,2024-02-29,AN-006
LT-000170,BATCH-00083,Assay,%,95.0,105.0,101.8,PASS,Released,2024-02-28,AN-009
LT-000171,BATCH-00084,Assay,%,95.0,105.0,,PASS,Released,2024-03-01,AN-004
LT-000172,BATCH-00084,Hardness,N,60.0,120.0,123.7,PASS,Released,2024-03-01,AN-006
LT-000173,BATCH-00085 ,Assay,%,95.0,105.0,99.4,PASS,Released,2024-03-06,AN-017
LT-000174,BATCH-00085,pH,pH,5.5,7.5,6.19,PASS,Released,2024-03-07,AN-005
LT-000175,BATCH-00086,Assay,%,95.0,105.0,100.2,PASS,Released,2024-03-05,AN-003
LT-000176,BATCH-00086,Content uniformity,%,90.0,110.0,102.2,PASS,Released,06-Mar-2024,AN-022
LT-000177,BATCH-00087,Assay,%,95.0,105.0,100.9,PASS,Released,2024-03-08,AN-015
LT-000178,BATCH-00087,Impurities,%,0.0,0.5,0.138,PASS,Released,2024-03-05,AN-018
LT-000179,BATCH-00088,Assay,%,95.0,105.0,100.9,PASS,Released,07-Mar-2024,AN-008
LT-000180,BATCH-00088,Moisture,%,0.0,4.0,2.04,PASS,Released,2024-03-07,AN-002
LT-000181,BATCH-00090,Assay,%,95.0,105.0,100.9,PASS,Released,2024-03-10,AN-021
LT-000182,BATCH-00090,Hardness,N,60.0,120.0,95.0,PASS,Released,2024-03-07,AN-024
LT-000183,BATCH-00089,Assay,%,95.0,105.0,101.2,PASS,Released,2024-03-07,AN-016
LT-000184,BATCH-00089,Moisture,%,0.0,4.0,2.41,PASS,Released,2024-03-07,AN-002
LT-000185,BATCH-00092,Assay,%,95.0,105.0,97.8,PASS,Released,2024-03-11,AN-005
LT-000186,BATCH-00092,Content uniformity,%,90.0,110.0,99.1,PASS,Released,2024-03-08,AN-010
LT-000187,BATCH-00091,Assay,%,95.0,105.0,99.7,PASS,Released,2024-03-08,AN-004
LT-000188,BATCH-00091,Moisture,%,0.0,4.0,2.35,PASS,Released,08/03/2024,AN-021
LT-000189,BATCH-00093,Assay,%,95.0,105.0,98.3,PASS,Released,2024-03-12,AN-009
LT-000190,BATCH-00093,Dissolution,%,80.0,100.0,92.2,PASS,Released,2024-03-12,AN-015
LT-000191,BATCH-00093,Hardness,N,60.0,120.0,79.4,PASS,Released,2024-03-10,AN-017
LT-000192,BATCH-00094,Assay,%,95.0,105.0,98.2,PASS,Released,2024-03-10,AN-004
LT-000193,BATCH-00094,pH,pH,5.5,7.5,6.55,PASS,Released,2024-03-09,AN-011
LT-000194,BATCH-00096,Assay,%,95.0,105.0,100.4,PASS,Released,2024-03-12,AN-018
LT-000194,BATCH-00096,Assay,%,95.0,105.0,100.4,PASS,Released,2024-03-12,AN-018
LT-000195,batch-00096,pH,pH,5.5,7.5,6.56,PASS,Released,2024-03-06,AN-004
LT-000196,BATCH-00095,Assay,%,95.0,105.0,99.9,PASS,Released,2024-03-12,AN-011
LT-000197,BATCH-00095,Moisture,%,0.0,4.0,2.08,PASS,Released,2024-03-12,AN-011
LT-000198,BATCH-00097,Assay,%,95.0,105.0,100.8,PASS,Released,2024-03-14,AN-016
LT-000199,BATCH-00097,Impurities,%,0.0,0.5,0.115,PASS,Released,14/03/2024,AN-020
LT-000199,BATCH-00097,Impurities,%,0.0,0.5,0.115,PASS,Released,14/03/2024,AN-020
LT-000200,BATCH-00098,Assay,%,95.0,105.0,97.6,PASS,Released,2024-03-14,AN-006
LT-000201,BATCH-00098,Moisture,%,0.0,4.0,0.96,PASS,Released,2024-03-14,AN-004
LT-000202,BATCH-00100,Assay,%,95.0,105.0,106.0,FAIL,,2024-03-14,AN-009
LT-000203,BATCH-00100,Dissolution,%,80.0,100.0,100.7,FAIL,Quarantine,13-Mar-2024,AN-018
LT-000204,BATCH-00099,Assay,%,95.0,105.0,101.5,PASS,Released,2024-03-13,AN-004
LT-000205,BATCH-00099,Dissolution,%,80.0,100.0,90.9,PASS,Released,2024-03-16,AN-020
LT-000206,BATCH-00101,Assay,%,95.0,105.0,N/A,PASS,Released,2024-03-16,AN-019
LT-000207,BATCH-00101,pH,pH,5.5,7.5,5.88,PASS,Released,2024-03-15,AN-005
LT-000208,BATCH-00103,Assay,%,95.0,105.0,99.6,PASS,Released,2024-03-14,AN-017
LT-000209,BATCH-00103,Impurities,%,0.0,0.5,0.184,PASS,Released,15-Mar-2024,AN-023
LT-000210,BATCH-00102,Assay,%,95.0,105.0,100.0,PASS,Released,2024-03-17,AN-021
LT-000211,BATCH-00102,Content uniformity,%,90.0,110.0,103.9,PASS,Released,2024-03-15,AN-002
LT-000212,BATCH-00102,Moisture,%,0.0,4.0,1.33,PASS,Released,2024-03-16,AN-008
LT-000213,BATCH-00104,Assay,%,95.0,105.0,102.3,PASS,Released,2024-03-15,AN-019
LT-000214,BATCH-00104,Hardness,N,60.0,120.0,92.8,PASS,Released,2024-03-17,AN-009
LT-000215,BATCH-00105,Assay,%,95.0,105.0,100.0,PASS,Released,16/03/2024,AN-023
LT-000216,BATCH-00105,Impurities,%,0.0,0.5,0.11,PASS,Released,2024-03-17,AN-003
LT-9005,BATCH-00506,Assay,%,95.0,105.0,100.7,PASS,Released,2024-01-18,AN-006
LT-000217,BATCH-00106 ,Assay,%,95.0,105.0,100.7,PASS,Released,2024-03-15,AN-015
LT-000218,BATCH-00106,Moisture,%,0.0,4.0,2.31,PASS,Released,2024-03-12,AN-023
LT-000219,BATCH-00107,Assay,%,95.0,105.0,100.6,PASS,Released,2024-03-18,AN-002
LT-000220,BATCH-00107,Hardness,N,60.0,120.0,83.1,PASS,Released,2024-03-16,AN-012
LT-000221,BATCH-00108,Assay,%,95.0,105.0,101.4,PASS,Released,2024-03-17,AN-020
LT-000222,BATCH-00108,pH,pH,5.5,7.5,6.75,PASS,released,2024-03-19,AN-003
LT-000223,BATCH-00109,Assay,%,95.0,105.0,103.0,PASS,Released,2024-03-13,AN-009
LT-000224,BATCH-00109,Moisture,%,0.0,4.0,1.76,PASS,Released,2024-03-17,AN-002
LT-000225,BATCH-00111,Assay,%,95.0,105.0,,PASS,Released,2024-03-20,AN-006
LT-000226,BATCH-00111,Dissolution,%,80.0,100.0,86.4,Pass,Released,2024-03-20,AN-019
LT-000227,BATCH-00110,Assay,%,95.0,105.0,98.7,PASS,released,18/03/2024,AN-003
LT-000228,BATCH-00110,Impurities,%,0.0,0.5,<0.05,PASS,Released,19/03/2024,AN-019
LT-000229,BATCH-00110,pH,pH,5.5,7.5,5.67,PASS,Released,2024-03-19,AN-023
LT-000230,BATCH-00112,Assay,%,95.0,105.0,100.1,PASS,Released,2024-03-20,AN-019
LT-000231,BATCH-00112,Dissolution,%,80.0,100.0,92.9,PASS,Released,2024-03-19,AN-001
LT-000232,BATCH-00114,Assay,%,95.0,105.0,99.6,P,Released,2024-03-20,AN-005
LT-000233,BATCH-00114,Content uniformity,%,90.0,110.0,101.2,PASS,Released,2024-03-22,AN-020
LT-000234,BATCH-00113,Assay,%,95.0,105.0,101.4,PASS,Released,2024-03-21,AN-003
LT-000235,BATCH-00115,Assay,%,95.0,105.0,98.4,PASS,Released,2024-03-23,AN-024
LT-000236,BATCH-00115,Impurities,%,0.0,0.5,0.135,PASS,Released,2024-03-23,AN-013
LT-000237,BATCH-00115,Moisture,%,0.0,4.0,1.68 %,PASS,Released,2024-03-21,AN-016
LT-000237,BATCH-00115,Moisture,%,0.0,4.0,1.68 %,PASS,Released,2024-03-21,AN-016
LT-000238,BATCH-00117,Assay,%,95.0,105.0,100.5,PASS,Quarantine,2024-03-23,AN-015
LT-000239,BATCH-00117,Hardness,N,60.0,120.0,88.0,PASS,Quarantine,2024-03-20,AN-025
LT-000240,BATCH-00117,Moisture,%,0.0,4.0,4.26,Failed,Quarantine,2024-03-21,AN-006
LT-000241,BATCH-00116,Assay,%,95.0,105.0,100.1,PASS,Released,2024-03-20,AN-001
LT-000242,BATCH-00118,Assay,%,95.0,105.0,100.0,PASS,Released,2024-03-21,AN-017
LT-000243,BATCH-00118,pH,pH,5.5,7.5,6.62,PASS,Released,2024-03-21,AN-017
LT-000244,BATCH-00119,Assay,%,95.0,105.0,102.4,PASS,Released,2024-03-24,AN-009
LT-000245,BATCH-00119,Moisture,%,0.0,4.0,3.03,PASS,Released,2024-03-21,AN-006
LT-000246,BATCH-00119,pH,pH,5.5,7.5,6.62,PASS,Released,2024-03-22,AN-016
LT-000247,BATCH-00120,Assay,%,95.0,105.0,99.9,PASS,Released,2024-03-25,AN-016
LT-000248,BATCH-00120,Dissolution,%,80.0,100.0,86.9,PASS,Released,2024-03-22,AN-011
LT-000249,BATCH-00123,Assay,%,95.0,105.0,97.9,PASS,Released,2024-03-24,AN-009
LT-000250,BATCH-00123,Moisture,%,0.0,4.0,1.95,PASS,Released,22/03/2024,AN-003
LT-000251,BATCH-00121,Assay,%,95.0,105.0,93.7,OOS,Quarantine,2024-03-25,AN-022
LT-000252,BATCH-00121,Content uniformity,%,90.0,110.0,111.0,PASS,Quarantine,2024-03-24,AN-005
LT-000253,BATCH-00122,Assay,%,95.0,105.0,99.9,PASS,Released,2024-03-25,AN-014
LT-000254,BATCH-00122,Dissolution,%,80.0,100.0,90.1,PASS,Released,2024-03-22,AN-024
LT-000255,BATCH-00124,Assay,%,95.0,105.0,100.9,PASS,Released,2024-03-27,AN-023
LT-000256,BATCH-00124,pH,pH,5.5,7.5,6.16,PASS,Released,2024-03-27,AN-012
LT-000257,BATCH-00125,Assay,%,95.0,105.0,99.7,PASS,Released,2024-03-26,AN-020
LT-000258,BATCH-00125,Impurities,%,0.0,0.5,<0.05,PASS,Released,2024-03-26,AN-007
LT-000259,BATCH-00127,Assay,%,95.0,105.0,99.0,PASS,Released,25-Mar-2024,AN-018
LT-000260,BATCH-00127,Moisture,%,0.0,4.0,2.14,PASS,Released,2024-03-28,AN-019
LT-000261,BATCH-00126,Assay,%,95.0,105.0,99.0,PASS,Released,26/03/2024,AN-020
LT-000262,BATCH-00126,pH,pH,5.5,7.5,6.52,PASS,Released,2024-03-28,AN-023
LT-000263,BATCH-00129,Assay,%,95.0,105.0,97.7,PASS,Released,2024-03-26,AN-007
LT-000264,BATCH-00129,Moisture,%,0.0,4.0,1.78,PASS,Released,2024-03-27,AN-018
LT-000265,BATCH-00128,Assay,%,95.0,105.0,100.8,P,Released,2024-03-26,AN-003
LT-000266,BATCH-00128,Hardness,N,60.0,120.0,91.6,PASS,Released,2024-03-28,AN-024
LT-000267,BATCH-00130,Assay,%,95.0,105.0,105.5,PASS,Released,2024-03-28,AN-025
LT-000268,BATCH-00130,Content uniformity,%,90.0,110.0,99.6,PASS,Released,2024-03-31,AN-012
LT-000269,BATCH-00130,Hardness,N,60.0,120.0,82.6,PASS,Released,29/03/2024,AN-005
LT-000270,BATCH-00131,Assay,%,95.0,105.0,97.8,PASS,Released,2024-03-31,AN-019
LT-000271,BATCH-00131,pH,pH,5.5,7.5,6.65,pass,Released,2024-03-31,AN-008
LT-000272,BATCH-00132,Assay,%,95.0,105.0,100.8,PASS,Released,2024-04-01,AN-016
LT-000273,BATCH-00132,Hardness,N,60.0,120.0,80.5,PASS,Released,2024-04-01,AN-001
LT-000274,BATCH-00133,Assay,%,95.0,105.0,98.5,PASS,Released,2024-03-31,AN-020
LT-9003,BATCH-00509,Dissolution,%,80.0,100.0,88.8,PASS,Released,2024-06-19,AN-020
LT-000275,BATCH-00133,Dissolution,%,80.0,100.0,85.7,PASS,Released,2024-03-30,AN-003
LT-000276,BATCH-00134,Assay,%,95.0,105.0,100.2,PASS,Released,2024-04-02,AN-007
LT-000277,BATCH-00134,Hardness,N,60.0,120.0,86.2,PASS,Released,2024-04-01,AN-002
LT-000278,BATCH-00137,Assay,%,95.0,105.0,103.6,PASS,Released,02/04/2024,AN-016
LT-000279,BATCH-00137,pH,pH,5.5,7.5,6.47,PASS,Released,2024-04-02,AN-017
LT-000280,BATCH-00135,Assay,%,95.0,105.0,101.1,PASS,Released,2024-04-02,AN-012
LT-000280,BATCH-00135,Assay,%,95.0,105.0,101.1,PASS,Released,2024-04-02,AN-012
LT-000281,BATCH-00135,Content uniformity,%,90.0,110.0,99.8,PASS,Released,2024-03-31,AN-008
LT-000282,BATCH-00139,Assay,%,95.0,105.0,101.9,PASS,Released,2024-04-01,AN-025
LT-000283,BATCH-00139,Content uniformity,%,90.0,110.0,105.8,PASS,Released,2024-04-04,AN-019
LT-000284,BATCH-00136,Assay,%,95.0,105.0,100.5,PASS,Released,2024-04-04,AN-025
LT-000285,BATCH-00136,Impurities,%,0.0,0.5,0.117,PASS,Released,2024-04-01,AN-024
LT-000286,BATCH-00136,pH,pH,5.5,7.5,6.48,PASS,Released,2024-04-04,AN-003
LT-000287,BATCH-00138,Assay,%,95.0,105.0,100.4,PASS,Released,2024-04-03,AN-006
LT-000288,BATCH-00138,Content uniformity,%,90.0,110.0,99.8,FAIL,released,2024-04-01,AN-002
LT-000289,BATCH-00138,Dissolution,%,80.0,100.0,91.7,PASS,Released,2024-04-02,AN-021
LT-000290,BATCH-00141,Assay,%,95.0,105.0,98.3,PASS,Released,2024-04-03,AN-024
LT-000291,BATCH-00141,Dissolution,%,80.0,100.0,94.6,P,Released,2024-04-04,AN-017
LT-000292,BATCH-00141,Moisture,%,0.0,4.0,1.72,PASS,Released,2024-04-03,AN-020
LT-000293,BATCH-00140,Assay,%,95.0,105.0,97.1,PASS,Released,2024-04-03,AN-009
LT-000294,BATCH-00140,pH,pH,5.5,7.5,7.08,P,Released,2024-04-04,AN-005
LT-000295,BATCH-00142,Assay,%,95.0,105.0,102.2,PASS,Released,2024-04-06,AN-010
LT-000296,BATCH-00142,Impurities,%,0.0,0.5,0.243,PASS,Released,2024-04-06,AN-009
LT-000297,BATCH-00144,Assay,%,95.0,105.0,101.7,PASS,Released,2024-04-08,AN-009
LT-000298,BATCH-00144,Hardness,N,60.0,120.0,96.6,PASS,Released,2024-04-07,AN-016
LT-000299,batch-00144,Moisture,%,0.0,4.0,1.91 %,PASS,Released,2024-04-08,AN-025
LT-000300,BATCH-00143,Assay,%,95.0,105.0,102.1,PASS,Released,2024-04-06,AN-001
LT-000301,BATCH-00143,pH,pH,5.5,7.5,6.82,PASS,Released,2024-04-07,AN-012
LT-000302,BATCH-00146,Assay,%,95.0,105.0,101.2,pass,Released,2024-04-06,AN-017
LT-000303,BATCH-00146,pH,pH,5.5,7.5,6.77,Pass,Released,2024-04-09,AN-017
LT-000304,BATCH-00145,Assay,%,95.0,105.0,98.4 %,PASS,RELEASED,2024-04-08,AN-025
LT-000305,BATCH-00145,Dissolution,%,80.0,100.0,95.7,PASS,Released,2024-04-08,AN-003
LT-000306,BATCH-00145,Hardness,N,60.0,120.0,88.8,PASS,Released,2024-04-08,AN-006
LT-000307,BATCH-00148,Assay,%,95.0,105.0,97.5,PASS,Released,2024-04-08,AN-008
LT-000308,BATCH-00148,Impurities,%,0.0,0.5,0.183,PASS,Released,2024-04-10,AN-007
LT-000309,BATCH-00147,Assay,%,95.0,105.0,98.2,PASS,Released,2024-04-10,AN-011
LT-000310,BATCH-00147,Dissolution,%,80.0,100.0,89.9,PASS,Released,10-Apr-2024,AN-007
LT-000311,BATCH-00149,Assay,%,95.0,105.0,101.8 %,pass,Released,2024-04-09,AN-001
LT-000312,BATCH-00149,Moisture,%,0.0,4.0,1.7,PASS,Released,2024-04-09,AN-021
LT-000313,BATCH-00150,Assay,%,95.0,105.0,102.1,PASS,Released,2024-04-11,AN-009
LT-000314,BATCH-00150,pH,pH,5.5,7.5,6.43,PASS,Released,2024-04-09,AN-023
LT-000315,BATCH-00151,Assay,%,95.0,105.0,100.0,PASS,Released,2024-04-09,AN-006
LT-000316,BATCH-00151,Dissolution,%,80.0,100.0,88.5,PASS,Released,2024-04-12,AN-013
LT-000317,BATCH-00152,Assay,%,95.0,105.0,97.9,PASS,Released,2024-04-12,AN-007
LT-000318,BATCH-00152,Moisture,%,0.0,4.0,2.58,PASS,Released,2024-04-10,AN-012
LT-000319,BATCH-00152,pH,pH,5.5,7.5,6.32,PASS,Released,2024-04-10,AN-019
LT-000320,BATCH-00153,Assay,%,95.0,105.0,99.3,PASS,Released,2024-04-14,AN-019
LT-000321,BATCH-00153,pH,pH,5.5,7.5,6.32,PASS,Released,2024-04-13,AN-013
LT-000322,BATCH-00155,Assay,%,95.0,105.0,98.1,PASS,Released,2024-04-12,AN-005
LT-000323,BATCH-00155,Dissolution,%,80.0,100.0,94.1,PASS,Released,2024-04-11,AN-016
LT-000324,BATCH-00155,Impurities,%,0.0,0.5,0.173,PASS,Released,11-Apr-2024,AN-005
LT-000325,BATCH-00154,Assay,%,95.0,105.0,101.1,PASS,Released,2024-04-13,AN-010
LT-000326,BATCH-00154,Content uniformity,%,90.0,110.0,101.8,PASS,Released,2024-04-14,AN-002
LT-000327,BATCH-00154,Moisture,%,0.0,4.0,1.66,PASS,Released,2024-04-12,AN-023
LT-000328,BATCH-00157,Assay,%,95.0,105.0,99.7,PASS,Released,2024-04-14,AN-005
LT-000329,batch-00157,Impurities,%,0.0,0.5,0.156,PASS,Released,2024-04-11,AN-024
LT-000330,BATCH-00156,Assay,%,95.0,105.0,101.8,PASS,Released,2024-04-11,AN-013
LT-000331,BATCH-00156,Hardness,N,60.0,120.0,102.4,PASS,Released,13/04/2024,AN-009
LT-000332,BATCH-00158,Assay,%,95.0,105.0,100.4,PASS,Released,2024-04-13,AN-016
LT-000333,BATCH-00158,pH,pH,5.5,7.5,6.71,FAIL,Released,2024-04-13,AN-020
LT-000334,BATCH-00161,Assay,%,95.0,105.0,100.7,PASS,Released,2024-04-15,AN-010
LT-000335,BATCH-00161,Dissolution,%,80.0,100.0,87.5,PASS,Released,2024-04-15,AN-007
LT-000336,BATCH-00159,Assay,%,95.0,105.0,99.7,PASS,Released,2024-04-15,AN-023
LT-000337,BATCH-00159,Impurities,%,0.0,0.5,0.247,PASS,Released,16/04/2024,AN-010
LT-000338,BATCH-00160,Assay,%,95.0,105.0,100.2,PASS,Released,2024-04-16,AN-019
LT-000339,batch-00160,pH,pH,5.5,7.5,6.39,PASS,Released,2024-04-16,AN-002
LT-000340,BATCH-00163,Assay,%,95.0,105.0,101.6,PASS,Released,17-Apr-2024,AN-014
LT-9012,BATCH-00505,Hardness,N,60.0,120.0,91.1,PASS,Released,27-May-2024,AN-021
LT-000341,BATCH-00163,Impurities,%,0.0,0.5,0.169,PASS,Released,2024-04-15,AN-010
LT-000342,BATCH-00162,Assay,%,95.0,105.0,,PASS,Released,2024-04-14,AN-001
LT-000343,BATCH-00162,pH,pH,5.5,7.5,6.61,PASS,Released,2024-04-15,AN-012
LT-000344,BATCH-00164,Assay,%,95.0,105.0,100.7,PASS,Released,2024-04-17,AN-011
LT-000345,BATCH-00164,Impurities,%,0.0,0.5,0.09,PASS,Released,2024-04-17,AN-022
LT-000346,BATCH-00165,Assay,%,95.0,105.0,100.2,PASS,Released,2024-04-18,AN-005
LT-000347,BATCH-00165,Hardness,N,60.0,120.0,103.8,PASS,Released,2024-04-16,AN-012
LT-000348,BATCH-00165,Moisture,%,0.0,4.0,2.02,PASS,Released,2024-04-18,AN-011
LT-000349,BATCH-00167,Assay,%,95.0,105.0,100.1,PASS,Released,2024-04-18,AN-025
LT-000350,BATCH-00167,Dissolution,%,80.0,100.0,91.7,PASS,Released,2024-04-18,AN-002
LT-000351,BATCH-00166,Assay,%,95.0,105.0,98.3,PASS,Released,2024-04-21,AN-004
LT-000352,BATCH-00166,Dissolution,%,80.0,100.0,88.5,PASS,Released,2024-04-20,AN-004
LT-000353,BATCH-00169,Assay,%,95.0,105.0,99.7 %,PASS,Released,2024-04-21,AN-003
LT-000354,BATCH-00169,Moisture,%,0.0,4.0,1.85,PASS,Released,2024-04-20,AN-007
LT-000355,BATCH-00168,Assay,%,95.0,105.0,98.2,PASS,Released,2024-04-19,AN-015
LT-000356,BATCH-00168,Impurities,%,0.5,0.0,0.062,PASS,Released,2024-04-19,AN-025
LT-000357,BATCH-00170,Assay,%,95.0,105.0,100.3,PASS,Quarantine,2024-04-24,AN-021
LT-000358,BATCH-00170,Impurities,%,0.0,0.5,0.571,FAIL,Quarantine,2024-04-21,AN-016
LT-000359,BATCH-00171,Assay,%,95.0,105.0,101.5,PASS,,2024-04-23,AN-012
LT-000360,BATCH-00171,Moisture,%,0.0,4.0,1.2,PASS,Released,23/04/2024,AN-009
LT-000361,BATCH-00173,Assay,%,95.0,105.0,99.2,PASS,Released,2024-04-26,AN-023
LT-000362,BATCH-00173,Content uniformity,%,90.0,110.0,100.7,PASS,released,2024-04-26,AN-017
LT-000363,BATCH-00172,Assay,%,95.0,105.0,99.5,PASS,Released,2024-04-23,AN-023
LT-000364,BATCH-00172,Hardness,N,60.0,120.0,88.0,PASS,Released,23/04/2024,AN-022
LT-000365,BATCH-00175,Assay,%,95.0,105.0,99.2,PASS,Released,2024-04-27,AN-020
LT-000366,BATCH-00175,Content uniformity,%,90.0,110.0,100.6,PASS,Released,2024-04-27,AN-004
LT-000367,BATCH-00174,Assay,%,95.0,105.0,101.2,Passed,Released,2024-04-26,AN-004
LT-000368,BATCH-00174,Hardness,N,60.0,120.0,90.4,PASS,Released,2024-04-26,AN-017
LT-000369,BATCH-00174,Impurities,%,0.0,0.5,0.221,PASS,Released,2024-04-25,AN-017
LT-000370,BATCH-00177,Assay,%,95.0,105.0,99.6,PASS,Quarantine,25-Apr-2024,AN-015
LT-000371,BATCH-00177,Hardness,N,60.0,120.0,123.7,FAIL,Quarantine,2024-04-28,AN-020
LT-000372,BATCH-00176,Assay,%,95.0,105.0,100.1,PASS,Released,2024-04-27,AN-021
LT-000373,BATCH-00176,Hardness,N,60.0,120.0,94.2,PASS,Released,2024-04-26,AN-019
LT-000374,BATCH-00178,Assay,%,95.0,105.0,99.6,PASS,Released,2024-04-25,AN-024
LT-000375,BATCH-00178,Impurities,%,0.0,0.5,0.152,PASS,Released,2024-04-25,AN-009
LT-000376,BATCH-00180,Assay,%,95.0,105.0,99.7,PASS,Released,2024-04-28,AN-001
LT-000377,BATCH-00180,pH,pH,5.5,7.5,6.91,PASS,Released,2024-04-28,AN-004
LT-000378,BATCH-00179,Assay,%,95.0,105.0,100.1,PASS,Released,2024-05-02,AN-016
LT-000379,BATCH-00179,Hardness,N,60.0,120.0,94.1,PASS,Released,2024-04-30,AN-019
LT-000380,BATCH-00181,Assay,%,95.0,105.0,101.0,PASS,Released,2024-05-01,AN-017
LT-000381,BATCH-00181,Hardness,N,60.0,120.0,84.5,P,Released,2024-04-30,AN-018
LT-000382,BATCH-00181,pH,pH,5.5,7.5,6.42,PASS,Released,2024-04-29,AN-024
LT-000383,BATCH-00182,Assay,%,95.0,105.0,100.3,PASS,Released,2024-05-02,AN-023
LT-000384,BATCH-00182,Dissolution,%,80.0,100.0,90.7,Passed,Released,2024-05-03,AN-004
LT-000385,BATCH-00183,Assay,%,95.0,105.0,101.6,PASS,Released,2024-05-02,AN-024
LT-000386,BATCH-00183,Content uniformity,%,90.0,110.0,101.8,PASS,Released,2024-04-26,AN-013
LT-9001,BATCH-00502,Content uniformity,%,90.0,110.0,105.5,PASS,Released,2024-11-06,AN-002
LT-000387,BATCH-00184,Assay,%,95.0,105.0,100.5,PASS,Released,02/05/2024,AN-010
LT-000388,BATCH-00185,Assay,%,95.0,105.0,99.6,PASS,Quarantine,2024-05-02,AN-007
LT-000389,BATCH-00185,Impurities,%,0.0,0.5,0.561,FAIL,Quarantine,05-May-2024,AN-023
LT-000390,BATCH-00186,Assay,%,95.0,105.0,100.3,Pass,Released,2024-05-05,AN-006
LT-000391,BATCH-00186,Moisture,%,0.0,4.0,2.06,PASS,Released,2024-05-02,AN-010
LT-000392,BATCH-00188,Assay,%,95.0,105.0,,PASS,Released,2024-05-06,AN-012
LT-000393,BATCH-00188,Content uniformity,%,90.0,110.0,101.6,PASS,Released,2024-05-05,AN-011
LT-000394,BATCH-00187,Assay,%,95.0,105.0,99.8,PASS,Released,2024-05-05,AN-002
LT-000395,BATCH-00187,Dissolution,%,80.0,100.0,87.3,PASS,Released,2024-05-06,AN-023
LT-000396,BATCH-00189,Assay,%,95.0,105.0,100.1,PASS,Released,2024-05-06,AN-020
LT-000397,BATCH-00189,Moisture,%,0.0,4.0,1.71,PASS,Released,2024-05-04,AN-007
LT-000398,BATCH-00190,Assay,%,105.0,95.0,99.4,PASS,Released,2024-05-06,AN-024
LT-000399,BATCH-00191,Assay,%,95.0,105.0,100.8,PASS,Released,2024-05-06,AN-025
LT-000400,BATCH-00192,Assay,%,95.0,105.0,100.6,PASS,Released,2024-05-08,AN-010
LT-000401,BATCH-00192,Content uniformity,%,90.0,110.0,101.8,PASS,Released,07/05/2024,AN-015
LT-000402,BATCH-00193,Assay,%,95.0,105.0,98.0,PASS,Released,09-May-2024,AN-001
LT-000403,BATCH-00193,pH,pH,5.5,7.5,6.76,PASS,Released,2024-05-08,AN-009
LT-000404,BATCH-00195,Assay,%,95.0,105.0,101.2,PASS,Released,2024-05-07,AN-006
LT-000405,BATCH-00195,Hardness,N,60.0,120.0,103.1,PASS,Released,2024-05-08,AN-025
LT-000406,BATCH-00194,Assay,%,95.0,105.0,101.1 %,PASS,Released,2024-05-07,AN-016
LT-000407,BATCH-00194,Dissolution,%,80.0,100.0,92.2,PASS,Released,2024-05-07,AN-023
LT-000408,BATCH-00197,Assay,%,95.0,105.0,98.8,PASS,Released,2024-05-08,AN-005
LT-000409,BATCH-00197,Hardness,N,60.0,120.0,77.9,Pass,Released,09/05/2024,AN-019
LT-000410,BATCH-00196,Assay,%,95.0,105.0,100.9,PASS,Released,2024-05-08,AN-008
LT-000411,BATCH-00196,Impurities,%,0.0,0.5,,Passed,RELEASED,2024-05-11,AN-004
LT-000412,BATCH-00199,Assay,%,95.0,105.0,99.0,PASS,Released,2024-05-11,AN-011
LT-000413,BATCH-00199,Dissolution,%,80.0,100.0,87.5,PASS,Released,2024-05-12,AN-005
LT-000414,BATCH-00198,Assay,%,95.0,105.0,100.3,PASS,Released,2024-05-13,AN-012
LT-000415,batch-00198,pH,pH,5.5,7.5,6.51,FAIL,Released,2024-05-13,AN-012
LT-000416,BATCH-00200,Assay,%,95.0,105.0,101.9,PASS,Released,2024-05-12,AN-016
LT-000417,BATCH-00200,Impurities,%,0.0,0.5,0.175,PASS,RELEASED,2024-05-14,AN-017
LT-000418,BATCH-00201,Assay,%,95.0,105.0,99.6,PASS,Released,2024-05-13,AN-006
LT-000419,BATCH-00201,Hardness,N,60.0,120.0,88.1,PASS,Released,2024-05-15,AN-001
LT-000420,BATCH-00201,pH,pH,5.5,7.5,6.41,PASS,Released,2024-05-15,AN-021
LT-000421,BATCH-00202,Assay,%,95.0,105.0,106.1,OOS,Quarantine,2024-05-14,AN-003
LT-000422,BATCH-00202,Content uniformity,%,90.0,110.0,N/A,PASS,Quarantine,2024-05-15,AN-019
LT-000423,BATCH-00203,Assay,%,95.0,105.0,100.1,PASS,Released,2024-05-15,AN-010
LT-000424,BATCH-00203,pH,pH,5.5,7.5,6.48,PASS,Released,2024-05-17,AN-018
LT-000425,BATCH-00205,Assay,%,95.0,105.0,101.1,PASS,Released,2024-05-19,AN-005
LT-000426,BATCH-00204,Assay,%,95.0,105.0,99.7,PASS,Released,2024-05-18,AN-007
LT-000427,BATCH-00204,Dissolution,%,80.0,100.0,90.5,PASS,Released,2024-05-19,AN-017
LT-000428,BATCH-00206,Assay,%,95.0,105.0,100.4,PASS,Released,2024-05-20,AN-017
LT-000429,BATCH-00206,Hardness,N,60.0,120.0,94.0,PASS,Released,2024-05-17,AN-005
LT-000430,BATCH-00207,Assay,%,95.0,105.0,98.9,PASS,Released,2024-05-21,AN-023
LT-000431,BATCH-00209,Assay,%,95.0,105.0,101.9,PASS,Released,2024-05-20,AN-019
LT-000432,BATCH-00209,Dissolution,%,80.0,100.0,87.4,PASS,Released,2024-05-18,AN-009
LT-000433,BATCH-00208,Assay,%,95.0,105.0,101.3,PASS,Released,2024-05-21,AN-015
LT-000434,BATCH-00208,Dissolution,%,80.0,100.0,88.0,PASS,Released,2024-05-21,AN-017
LT-000435,BATCH-00210,Assay,%,95.0,105.0,100.2,PASS,Released,2024-05-22,AN-013
LT-000436,BATCH-00210,Hardness,N,60.0,120.0,87.2,PASS,Released,2024-05-22,AN-017
LT-000437,BATCH-00211,Assay,%,95.0,105.0,103.3,PASS,Released,2024-05-22,AN-014
LT-000438,BATCH-00211,Content uniformity,%,90.0,110.0,96.0,PASS,Released,19-May-2024,AN-002
LT-000439,BATCH-00211,Dissolution,%,80.0,100.0,89.3,PASS,Released,22/05/2024,AN-016
LT-000440,BATCH-00212,Assay,%,95.0,105.0,99.8,PASS,Released,2024-05-22,AN-018
LT-000441,BATCH-00212,Impurities,%,0.0,0.5,0.07,PASS,Released,2024-05-23,AN-021
LT-000442,BATCH-00213,Assay,%,95.0,105.0,96.7,PASS,Released,2024-05-20,AN-021
LT-000443,BATCH-00214,Assay,%,95.0,105.0,99.5,PASS,Released,2024-05-23,AN-007
LT-000444,BATCH-00214,Moisture,%,0.0,4.0,1.51,PASS,Released,2024-05-25,AN-019
LT-000445,BATCH-00216,Assay,%,95.0,105.0,99.8,PASS,Released,2024-05-26,AN-010
LT-000446,BATCH-00216,Content uniformity,%,90.0,110.0,98.4,PASS,Released,2024-05-23,AN-002
LT-000447,BATCH-00215,Assay,%,95.0,105.0,100.4,pass,Released,2024-05-26,AN-017
LT-9007,BATCH-00503,Assay,%,95.0,105.0,93.7,OOS,Quarantine,2024-08-15,AN-013
LT-000448,BATCH-00215,Impurities,%,0.5,0.0,0.086,PASS,Released,2024-05-25,AN-006
LT-000449,BATCH-00218,Assay,%,95.0,105.0,100.2,PASS,Released,2024-05-27,AN-005
LT-000450,BATCH-00217,Assay,%,95.0,105.0,100.8,PASS,RELEASED,2024-05-27,AN-018
LT-000451,BATCH-00217,Hardness,N,60.0,120.0,91.1,PASS,Released,27-May-2024,AN-021
LT-000452,BATCH-00219,Assay,%,95.0,105.0,105.5,PASS,Rejected,2024-05-28,AN-019
LT-000453,BATCH-00219,pH,pH,5.5,7.5,7.71,FAIL,Rejected,2024-05-28,AN-016
LT-000454,BATCH-00220,Assay,%,95.0,105.0,100.1,PASS,Quarantine,30-May-2024,AN-008
LT-000455,BATCH-00220,Content uniformity,%,90.0,110.0,111.3,FAIL,Quarantine,2024-05-31,AN-017
LT-000456,BATCH-00221,Assay,%,95.0,105.0,103.0,PASS,Released,2024-05-31,AN-003
LT-000457,BATCH-00221,Content uniformity,%,90.0,110.0,99.0,PASS,Released,2024-05-31,AN-006
LT-000458,BATCH-00225,Assay,%,95.0,105.0,98.5,PASS,Released,2024-05-31,AN-009
LT-000459,BATCH-00225,Impurities,%,0.0,0.5,0.124,PASS,Released,2024-05-30,AN-002
LT-000460,BATCH-00222,Assay,%,95.0,105.0,101.0,PASS,Released,2024-06-02,AN-024
LT-000461,BATCH-00222,pH,pH,5.5,7.5,6.03,PASS,Released,2024-05-30,AN-013
LT-000462,BATCH-00226,Assay,%,95.0,105.0,101.5,PASS,Released,2024-06-01,AN-016
LT-000463,BATCH-00226,Hardness,N,60.0,120.0,85.0,PASS,Released,02/06/2024,AN-017
LT-000464,BATCH-00224,Assay,%,95.0,105.0,101.2,PASS,Released,2024-05-30,AN-022
LT-000465,BATCH-00224,Moisture,%,0.0,4.0,2.4,PASS,Released,02/06/2024,AN-012
LT-000466,BATCH-00223,Assay,%,95.0,105.0,99.7,PASS,Released,2024-06-01,AN-020
LT-000467,BATCH-00223,Dissolution,%,80.0,100.0,94.0,PASS,Released,2024-05-31,AN-018
LT-000468,BATCH-00227,Assay,%,95.0,105.0,106.0,FAIL,Quarantine,2024-06-04,AN-006
LT-000469,BATCH-00227,Impurities,%,0.0,0.5,0.529,FAIL,Quarantine,2024-06-01,AN-002
LT-000470,BATCH-00228,Assay,%,95.0,105.0,99.7,PASS,Released,2024-06-03,AN-001
LT-000471,BATCH-00229,Assay,%,95.0,105.0,98.8,PASS,Released,2024-06-06,AN-003
LT-000472,BATCH-00230,Assay,%,95.0,105.0,99.6,PASS,Released,2024-06-06,AN-024
LT-000473,BATCH-00230 ,Content uniformity,%,90.0,110.0,99.2,PASS,Released,2024-06-05,AN-018
LT-000474,BATCH-00231,Assay,%,95.0,105.0,105.8,OOS,Quarantine,2024-06-05,AN-009
LT-000475,BATCH-00231,Content uniformity,%,90.0,110.0,88.5,OOS,Quarantine,2024-06-05,AN-015
LT-000476,BATCH-00232,Assay,%,95.0,105.0,100.7,PASS,Released,07/06/2024,AN-018
LT-000477,BATCH-00232,pH,pH,5.5,7.5,6.81,PASS,Released,2024-06-06,AN-019
LT-000478,BATCH-00234,Assay,%,95.0,105.0,97.8,PASS,Released,2024-06-07,AN-017
LT-000479,BATCH-00234,pH,pH,5.5,7.5,6.52,PASS,Released,2024-06-06,AN-011
LT-000480,BATCH-00233,Assay,%,95.0,105.0,99.9,PASS,Released,2024-06-05,AN-001
LT-000481,BATCH-00235,Assay,%,95.0,105.0,100.4,PASS,Released,2024-06-07,AN-005
LT-000482,BATCH-00235,pH,pH,5.5,7.5,6.27,PASS,Released,2024-06-06,AN-006
LT-9006,BATCH-00503,Moisture,%,0.0,4.0,0.96,PASS,Released,2024-03-14,AN-004
LT-000483,BATCH-00236,Assay,%,95.0,105.0,98.9,PASS,Released,2024-06-09,AN-015
LT-000484,BATCH-00236,Hardness,N,60.0,120.0,92.4,PASS,Released,2024-06-11,AN-006
LT-000485,BATCH-00237,Assay,%,95.0,105.0,100.1,PASS,Released,12/06/2024,AN-009
LT-000486,BATCH-00237,Impurities,%,0.0,0.5,0.119,PASS,Released,2024-06-12,AN-009
LT-000487,BATCH-00237,Moisture,%,0.0,4.0,4.3,PASS,Released,2024-06-05,AN-022
LT-000488,BATCH-00238,Assay,%,95.0,105.0,101.3,PASS,Released,2024-06-12,AN-012
LT-000489,BATCH-00238,Hardness,N,60.0,120.0,90.5,PASS,Released,2024-06-12,AN-017
LT-000490,BATCH-00239,Assay,%,95.0,105.0,100.9 %,PASS,Released,2024-06-15,AN-020
LT-000491,BATCH-00239,Hardness,N,60.0,120.0,83.3,PASS,Released,2024-06-14,AN-024
LT-000492,BATCH-00240,Assay,%,95.0,105.0,N/A,PASS,Released,17-Jun-2024,AN-013
LT-000493,BATCH-00240,Dissolution,%,80.0,100.0,89.4,PASS,Released,14/06/2024,AN-022
LT-000494,BATCH-00241,Assay,%,95.0,105.0,100.0,PASS,Released,2024-06-14,AN-003
LT-000495,BATCH-00241,pH,pH,5.5,7.5,6.29,PASS,Released,2024-06-16,AN-019
LT-000496,BATCH-00242,Assay,%,95.0,105.0,98.9,PASS,Released,2024-06-17,AN-010
LT-000497,BATCH-00242,Dissolution,%,80.0,100.0,88.8,PASS,Released,2024-06-19,AN-020
LT-000498,BATCH-00243,Assay,%,95.0,105.0,101.9,PASS,Released,2024-06-19,AN-017
LT-000499,BATCH-00243,Content uniformity,%,90.0,110.0,102.6,PASS,Released,2024-06-19,AN-025
LT-000500,BATCH-00243,Impurities,%,0.0,0.5,0.198,PASS,Released,2024-06-17,AN-023
LT-000501,BATCH-00244,Assay,%,95.0,105.0,100.2,pass,Released,20-Jun-2024,AN-007
LT-000501,BATCH-00244,Assay,%,95.0,105.0,100.2,pass,Released,20-Jun-2024,AN-007
LT-000502,BATCH-00244,Moisture,%,0.0,4.0,1.98,PASS,RELEASED,2024-06-21,AN-005
LT-000503,BATCH-00246,Assay,%,95.0,105.0,99.9,PASS,Released,2024-06-22,AN-010
LT-000504,BATCH-00246,pH,pH,5.5,7.5,7.06,PASS,Released,2024-06-20,AN-015
LT-000505,BATCH-00245,Assay,%,95.0,105.0,98.9,PASS,Released,2024-06-20,AN-025
LT-000506,BATCH-00245,Hardness,N,60.0,120.0,94.8,PASS,Released,2024-06-22,AN-005
LT-000507,BATCH-00247,Assay,%,95.0,105.0,100.7,PASS,Released,22/06/2024,AN-025
LT-000508,BATCH-00247,Content uniformity,%,90.0,110.0,96.1,PASS,Released,2024-06-21,AN-016
LT-000509,BATCH-00248,Assay,%,95.0,105.0,103.1,PASS,Released,2024-06-24,AN-023
LT-000510,BATCH-00251,Assay,%,95.0,105.0,100.9,PASS,Released,2024-06-29,AN-021
LT-000511,BATCH-00251,Content uniformity,%,90.0,110.0,94.3,PASS,Released,2024-06-27,AN-010
LT-000512,BATCH-00249,Assay,%,95.0,105.0,99.9,PASS,Released,2024-06-26,AN-014
LT-000513,BATCH-00249,Moisture,%,0.0,4.0,,PASS,Released,2024-06-22,AN-001
LT-000514,BATCH-00250,Assay,%,95.0,105.0,99.1,PASS,Released,2024-06-30,AN-014
LT-000515,BATCH-00250,Moisture,%,0.0,4.0,2.59,PASS,Released,2024-06-27,AN-002
LT-000516,BATCH-00250,pH,pH,5.5,7.5,6.46,PASS,Released,2024-06-27,AN-022
LT-000516,BATCH-00250,pH,pH,5.5,7.5,6.46,PASS,Released,2024-06-27,AN-022
LT-000517,BATCH-00254,Assay,%,95.0,105.0,102.0,PASS,Released,2024-06-29,AN-017
LT-000518,BATCH-00254,Moisture,%,0.0,4.0,1.71 %,PASS,Released,2024-06-27,AN-003
LT-000519,BATCH-00252,Assay,%,95.0,105.0,101.1,PASS,Released,2024-06-30,AN-008
LT-000520,BATCH-00252,Impurities,%,0.0,0.5,0.215,PASS,Released,2024-06-28,AN-023
LT-000521,BATCH-00256,Assay,%,95.0,105.0,100.3,PASS,Released,2024-06-30,AN-001
LT-000522,BATCH-00256,Impurities,%,0.0,0.5,0.12,PASS,Released,2024-06-27,AN-006
LT-000523,BATCH-00253,Assay,%,95.0,105.0,99.6,PASS,Released,2024-06-30,AN-023
LT-000524,BATCH-00253,Content uniformity,%,90.0,110.0,108.8,PASS,Released,2024-06-28,AN-006
LT-000525,BATCH-00255,Assay,%,95.0,105.0,99.8,PASS,Released,2024-06-29,AN-018
LT-000526,BATCH-00255,pH,pH,5.5,7.5,6.57,PASS,Released,2024-06-27,AN-022
LT-000527,BATCH-00257,Assay,%,95.0,105.0,100.0,PASS,Released,2024-06-27,AN-003
LT-000528,BATCH-00257,Impurities,%,0.0,0.5,0.081,PASS,Released,2024-06-27,AN-025
LT-000529,BATCH-00258,Assay,%,95.0,105.0,100.2,P,Released,29/06/2024,AN-019
LT-000530,BATCH-00258,Dissolution,%,80.0,100.0,92.4,PASS,Released,2024-07-02,AN-004
LT-000531,BATCH-00259,Assay,%,95.0,105.0,99.5,PASS,Released,2024-07-02,AN-001
LT-000532,BATCH-00259,Impurities,%,0.0,0.5,0.04,PASS,Released,2024-07-01,AN-016
LT-000533,BATCH-00260,Assay,%,95.0,105.0,99.3,PASS,Released,2024-07-01,AN-021
LT-000534,BATCH-00260,Hardness,N,60.0,120.0,88.3,PASS,Released,2024-07-04,AN-022
LT-000535,BATCH-00262,Assay,%,95.0,105.0,100.8,PASS,Released,2024-07-03,AN-007
LT-000536,BATCH-00262,pH,pH,5.5,7.5,6.45,PASS,Released,2024-07-05,AN-016
LT-000537,BATCH-00261,Assay,%,95.0,105.0,100.5,PASS,Released,2024-07-05,AN-009
LT-000538,BATCH-00261,Impurities,%,0.0,0.5,<0.05,PASS,Released,2024-07-04,AN-002
LT-000539,BATCH-00263,Assay,%,95.0,105.0,100.8,PASS,Released,2024-07-05,AN-004
LT-000540,BATCH-00263,pH,pH,5.5,7.5,6.65,PASS,Released,2024-07-06,AN-008
LT-000541,BATCH-00264,Assay,%,95.0,105.0,99.7,PASS,Released,2024-07-04,AN-006
LT-000542,BATCH-00264,Dissolution,%,80.0,100.0,92.1,PASS,Released,06-Jul-2024,AN-012
LT-000543,BATCH-00265,Assay,%,95.0,105.0,100.2,PASS,Released,2024-07-07,AN-021
LT-000544,BATCH-00265,Content uniformity,%,90.0,110.0,100.3,PASS,Released,2024-07-06,AN-018
LT-000545,BATCH-00266,Assay,%,95.0,105.0,105.8,OOS,Quarantine,2024-07-08,AN-007
LT-000545,BATCH-00266,Assay,%,95.0,105.0,105.8,OOS,Quarantine,2024-07-08,AN-007
LT-000546,BATCH-00266,Content uniformity,%,90.0,110.0,111.3,FAIL,Quarantine,2024-07-05,AN-010
LT-000547,BATCH-00267,Assay,%,95.0,105.0,101.0,PASS,Released,07/07/2024,AN-011
LT-000548,BATCH-00267,Moisture,%,0.0,4.0,2.77,PASS,Released,05/07/2024,AN-020
LT-000549,BATCH-00268,Assay,%,95.0,105.0,100.0,PASS,Released,2024-07-08,AN-009
LT-000550,BATCH-00268,Impurities,%,0.0,,<0.05,PASS,Released,2024-07-09,AN-025
LT-000551,BATCH-00269,Assay,%,95.0,105.0,105.7,Failed,Quarantine,2024-07-11,AN-006
LT-000552,BATCH-00269,Moisture,%,0.0,4.0,4.44,fail,Quarantine,2024-07-11,AN-013
LT-000553,BATCH-00271,Assay,%,95.0,105.0,99.7,PASS,Released,2024-07-08,AN-005
LT-000554,BATCH-00271,Moisture,%,0.0,4.0,2.24,PASS,Released,2024-07-09,AN-014
LT-000555,BATCH-00270,Assay,%,95.0,105.0,98.3,PASS,Released,2024-07-10,AN-014
LT-000556,BATCH-00270,Content uniformity,%,90.0,110.0,101.5,PASS,Released,2024-07-08,AN-024
LT-000557,BATCH-00270,Dissolution,%,80.0,100.0,86.6,PASS,Released,2024-07-11,AN-014
LT-000558,BATCH-00273,Assay,%,95.0,105.0,100.9,PASS,Released,2024-07-11,AN-025
LT-000559,BATCH-00273,Moisture,%,0.0,4.0,1.38,PASS,Released,2024-07-08,AN-009
LT-000560,BATCH-00272,Assay,%,95.0,105.0,101.2,PASS,Released,2024-07-09,AN-008
LT-000561,BATCH-00272,Moisture,%,0.0,4.0,1.69,PASS,Released,09/07/2024,AN-001
LT-000562,BATCH-00274,Assay,%,95.0,105.0,102.4,PASS,Released,2024-07-11,AN-011
LT-000563,BATCH-00274,Content uniformity,%,90.0,110.0,98.9,PASS,Released,2024-07-11,AN-011
LT-000564,BATCH-00275,Assay,%,95.0,105.0,100.0,PASS,Released,2024-07-12,AN-025
LT-000565,BATCH-00275,Hardness,N,60.0,120.0,,PASS,Released,2024-07-10,AN-009
LT-000566,BATCH-00276,Assay,%,95.0,105.0,99.8,PASS,Released,2024-07-11,AN-002
LT-000567,BATCH-00276,pH,pH,5.5,7.5,6.81,PASS,Released,2024-07-11,AN-014
LT-000568,BATCH-00277,Assay,%,95.0,105.0,101.3,PASS,Released,2024-07-11,AN-005
LT-000569,BATCH-00277,Hardness,N,60.0,120.0,90.4,PASS,Released,2024-07-10,AN-010
LT-000570,BATCH-00278,Assay,%,95.0,105.0,102.8,PASS,Released,2024-07-14,AN-009
LT-000571,BATCH-00279,Assay,%,95.0,105.0,100.0,PASS,Released,2024-07-12,AN-020
LT-000572,BATCH-00279,pH,pH,5.5,7.5,6.03,PASS,Released,2024-07-14,AN-021
LT-000573,BATCH-00280,Assay,%,95.0,105.0,98.6,Pass,Released,2024-07-14,AN-017
LT-000574,BATCH-00280,Moisture,%,0.0,4.0,1.9,PASS,Released,2024-07-13,AN-013
LT-000575,BATCH-00281,Assay,%,95.0,105.0,102.8,PASS,Released,2024-07-15,AN-011
LT-000576,BATCH-00281,Content uniformity,%,90.0,110.0,100.7,PASS,Released,2024-07-15,AN-003
LT-000577,BATCH-00281,pH,pH,5.5,7.5,6.49,PASS,Released,2024-07-17,AN-012
LT-000578,BATCH-00282,Assay,%,95.0,105.0,99.7,PASS,Released,2024-07-18,AN-021
LT-000579,BATCH-00282,Content uniformity,%,90.0,110.0,96.4,PASS,Released,2024-07-17,AN-009
LT-000580,BATCH-00283,Assay,%,95.0,105.0,100.7,PASS,Released,2024-07-18,AN-001
LT-000581,BATCH-00283,Content uniformity,%,90.0,110.0,97.4,PASS,Released,2024-07-18,AN-010
LT-000582,BATCH-00283,Dissolution,%,80.0,100.0,87.3,P,Released,2024-07-17,AN-019
LT-000583,BATCH-00284,Assay,%,95.0,105.0,99.5 %,PASS,Released,2024-07-18,AN-015
LT-000584,BATCH-00284,Dissolution,%,80.0,100.0,88.5,PASS,Released,2024-07-20,AN-005
LT-000585,BATCH-00284,pH,pH,5.5,7.5,6.22,PASS,Released,2024-07-20,AN-004
LT-000586,BATCH-00285,Assay,%,95.0,105.0,99.1,PASS,Released,2024-07-20,AN-012
LT-000587,BATCH-00285,Content uniformity,%,90.0,110.0,100.9,PASS,Released,2024-07-20,AN-022
LT-000588,BATCH-00286,Assay,%,95.0,105.0,99.1,PASS,Released,2024-07-21,AN-012
LT-000589,BATCH-00286,Impurities,%,0.0,0.5,0.161,PASS,Released,2024-07-19,AN-025
LT-000590,BATCH-00287,Assay,%,95.0,105.0,101.0,PASS,Released,2024-07-22,AN-009
LT-000591,BATCH-00287 ,Content uniformity,%,90.0,110.0,100.8,PASS,Released,2024-07-21,AN-020
LT-000592,BATCH-00288,Assay,%,95.0,105.0,99.3,PASS,Released,2024-07-25,AN-001
LT-000593,BATCH-00288,Hardness,N,60.0,120.0,95.9,PASS,Released,2024-07-24,AN-023
LT-000594,BATCH-00289,Assay,%,95.0,105.0,99.3,PASS,Released,2024-07-26,AN-023
LT-000595,BATCH-00289,Moisture,%,0.0,4.0,2.39,PASS,Released,2024-07-26,AN-012
LT-000596,BATCH-00290,Assay,%,,105.0,101.9,PASS,Released,2024-07-26,AN-011
LT-000597,BATCH-00290,Moisture,%,0.0,4.0,1.8,PASS,Released,2024-07-24,AN-001
LT-000598,BATCH-00291,Assay,%,95.0,105.0,105.9,OOS,Rejected,2024-07-27,AN-018
LT-000599,BATCH-00291,Impurities,%,0.0,0.5,0.526,OOS,Rejected,2024-07-26,AN-006
LT-000600,BATCH-00293,Assay,%,95.0,105.0,97.9,P,Released,2024-07-26,AN-009
LT-000601,BATCH-00293,Impurities,%,0.0,0.5,0.165,PASS,Released,2024-07-28,AN-004
LT-000602,BATCH-00292,Assay,%,95.0,105.0,100.9,PASS,Released,28/07/2024,AN-019
LT-000603,BATCH-00292,Moisture,%,0.0,4.0,2.05,PASS,Released,2024-07-27,AN-024
LT-000604,BATCH-00297,Assay,%,95.0,105.0,100.6,PASS,Released,2024-07-25,AN-024
LT-000605,BATCH-00297,Impurities,%,0.0,0.5,<0.05,PASS,Released,2024-07-28,AN-014
LT-000606,BATCH-00296,Assay,%,95.0,105.0,100.7,PASS,Released,2024-07-26,AN-023
LT-000607,BATCH-00296,Hardness,N,60.0,120.0,96.0,PASS,Released,2024-07-25,AN-017
LT-000608,BATCH-00294,Assay,%,,105.0,103.6,PASS,Released,29/07/2024,AN-020
LT-000609,BATCH-00294,Impurities,%,0.0,0.5,<0.05,PASS,Released,2024-07-29,AN-021
LT-000610,BATCH-00295,Assay,%,95.0,105.0,100.6,PASS,Released,2024-07-26,AN-014
LT-000611,BATCH-00295,Dissolution,%,80.0,100.0,91.4,PASS,Released,2024-07-28,AN-013
LT-000612,BATCH-00299,Assay,%,95.0,105.0,99.4,PASS,Released,2024-07-27,AN-011
LT-000613,BATCH-00299,Moisture,%,0.0,4.0,1.43,PASS,Released,27/07/2024,AN-014
LT-000614,BATCH-00298,Assay,%,95.0,105.0,100.8,PASS,Released,2024-07-27,AN-014
LT-000615,BATCH-00298,Moisture,%,0.0,4.0,1.96,PASS,Released,28/07/2024,AN-006
LT-000616,BATCH-00300,Assay,%,95.0,105.0,100.0,PASS,Released,2024-07-29,AN-003
LT-000617,BATCH-00300,Impurities,%,0.0,0.5,0.147,PASS,Released,2024-07-30,AN-021
LT-000618,BATCH-00301,Assay,%,95.0,105.0,100.8,PASS,Released,2024-08-01,AN-014
LT-000619,BATCH-00301,Moisture,%,0.0,4.0,2.2,PASS,Released,2024-07-30,AN-018
LT-000620,BATCH-00302,Assay,%,95.0,105.0,101.8,PASS,,2024-08-02,AN-010
LT-000621,BATCH-00303,Assay,%,95.0,105.0,100.2,PASS,Released,02-Aug-2024,AN-015
LT-000622,BATCH-00303,Dissolution,%,80.0,100.0,88.3,PASS,Released,2024-08-02,AN-021
LT-000623,BATCH-00304,Assay,%,95.0,105.0,99.2,PASS,Released,2024-08-02,AN-001
LT-000624,BATCH-00304,Moisture,%,0.0,4.0,1.89,Pass,Released,2024-08-04,AN-002
LT-000625,BATCH-00307,Assay,%,95.0,105.0,99.5,PASS,Released,2024-08-05,AN-019
LT-000626,BATCH-00307,Impurities,%,0.0,0.5,0.102,PASS,Released,2024-08-04,AN-007
LT-000627,BATCH-00306,Assay,%,95.0,105.0,101.4,PASS,Released,2024-08-05,AN-002
LT-000628,BATCH-00306,Hardness,N,60.0,120.0,100.6,PASS,Released,2024-07-30,AN-004
LT-000629,BATCH-00305,Assay,%,95.0,105.0,99.4,PASS,Quarantine,2024-08-05,AN-008
LT-000630,BATCH-00305,Hardness,N,60.0,120.0,124.3,FAIL,Quarantine,2024-08-06,AN-003
LT-000631,BATCH-00308,Assay,%,95.0,105.0,100.3,PASS,Released,06/08/2024,AN-025
LT-000632,BATCH-00308,Hardness,N,60.0,120.0,85.5,PASS,Released,2024-08-04,AN-023
LT-000633,BATCH-00310,Assay,%,95.0,105.0,100.5,PASS,Released,2024-08-04,AN-022
LT-000634,BATCH-00310,Hardness,N,60.0,120.0,82.3,P,Released,07/08/2024,AN-025
LT-000635,BATCH-00309,Assay,%,95.0,105.0,105.9,PASS,Released,2024-08-07,AN-009
LT-000636,BATCH-00309,Hardness,N,60.0,120.0,86.6,Passed,Released,2024-08-08,AN-023
LT-000637,BATCH-00311,Assay,%,95.0,105.0,100.9,PASS,Released,2024-08-05,AN-020
LT-000638,BATCH-00311,pH,pH,5.5,7.5,6.05 pH,PASS,Released,2024-08-08,AN-022
LT-000639,BATCH-00312,Assay,%,95.0,105.0,100.6,PASS,Released,2024-08-05,AN-005
LT-000640,batch-00312,Impurities,%,0.0,0.5,<0.05,PASS,Released,2024-08-06,AN-017
LT-000641,BATCH-00313,Assay,%,95.0,105.0,99.8,PASS,Released,2024-08-08,AN-021
LT-000642,BATCH-00313,Dissolution,%,80.0,100.0,93.3,PASS,Released,2024-08-06,AN-016
LT-000643,BATCH-00314,Assay,%,95.0,105.0,99.7,PASS,Released,08/08/2024,AN-019
LT-000644,BATCH-00314,Dissolution,%,80.0,100.0,85.9,PASS,Released,2024-08-08,AN-025
LT-000644,BATCH-00314,Dissolution,%,80.0,100.0,85.9,PASS,Released,2024-08-08,AN-025
LT-000645,BATCH-00314,Impurities,%,0.0,0.5,0.167,pass,Released,2024-08-06,AN-011
LT-000646,BATCH-00315,Assay,%,95.0,105.0,100.0,PASS,Released,2024-08-07,AN-015
LT-000647,BATCH-00315,Content uniformity,%,90.0,110.0,101.5,PASS,Released,2024-08-08,AN-017
LT-000648,BATCH-00316,Assay,%,95.0,105.0,99.3,PASS,Released,2024-08-12,AN-007
LT-000649,BATCH-00316,Hardness,N,60.0,120.0,80.8,PASS,Released,2024-08-10,AN-003
LT-000650,BATCH-00318,Assay,%,95.0,105.0,102.9,PASS,Released,2024-08-11,AN-011
LT-000651,BATCH-00318,Hardness,N,60.0,120.0,79.0,PASS,Released,2024-08-11,AN-005
LT-000652,BATCH-00320,Assay,%,95.0,105.0,101.3,PASS,Released,2024-08-14,AN-015
LT-000653,BATCH-00320,Dissolution,%,80.0,100.0,90.6 %,PASS,Released,15-Aug-2024,AN-011
LT-000654,BATCH-00317,Assay,%,95.0,105.0,98.8,PASS,Released,2024-08-14,AN-013
LT-000654,BATCH-00317,Assay,%,95.0,105.0,98.8,PASS,Released,2024-08-14,AN-013
LT-000655,BATCH-00317,Hardness,N,60.0,120.0,89.6,PASS,Released,2024-08-12,AN-011
LT-000656,BATCH-00317,Moisture,%,0.0,4.0,1.83,PASS,Released,2024-08-14,AN-011
LT-000657,BATCH-00319,Assay,%,95.0,105.0,99.9,PASS,Released,2024-08-12,AN-020
LT-000658,BATCH-00319,Moisture,%,0.0,4.0,N/A,PASS,Released,2024-08-13,AN-006
LT-000659,BATCH-00321,Assay,%,95.0,105.0,98.4,PASS,Released,2024-08-13,AN-017
LT-000660,BATCH-00324,Assay,%,95.0,105.0,99.3,PASS,Released,2024-08-17,AN-008
LT-000661,BATCH-00324,Content uniformity,%,90.0,110.0,100.7,PASS,Released,2024-08-16,AN-020
LT-000662,BATCH-00323,Assay,%,95.0,105.0,99.4,PASS,Released,2024-08-16,AN-022
LT-000663,BATCH-00323,Impurities,%,0.0,0.5,0.105,PASS,Released,2024-08-17,AN-020
LT-000664,BATCH-00322,Assay,%,95.0,105.0,100.6,PASS,Released,2024-08-17,AN-021
LT-000665,BATCH-00322,Dissolution,%,80.0,100.0,88.6,PASS,Released,2024-08-16,AN-009
LT-000666,BATCH-00325,Assay,%,95.0,105.0,93.7,OOS,Quarantine,2024-08-15,AN-013
LT-000667,BATCH-00325,Content uniformity,%,90.0,110.0,93.2,PASS,Quarantine,2024-08-17,AN-001
LT-000668,BATCH-00325,Impurities,%,0.0,0.5,0.567,OOS,Quarantine,2024-08-17,AN-012
LT-000669,BATCH-00326,Assay,%,95.0,105.0,98.9,PASS,Released,19-Aug-2024,AN-025
LT-000670,BATCH-00326,Dissolution,%,80.0,100.0,86.3,PASS,Released,2024-08-17,AN-022
LT-000671,BATCH-00328,Assay,%,95.0,105.0,101.5,PASS,Released,2024-08-17,AN-006
LT-000672,BATCH-00328,Impurities,%,0.0,0.5,0.263,FAIL,Released,2024-08-17,AN-018
LT-000673,BATCH-00327,Assay,%,95.0,105.0,106.0,Fail,Quarantine,2024-08-17,AN-011
LT-000674,BATCH-00327,Content uniformity,%,90.0,110.0,110.7,fail,Quarantine,2024-08-20,AN-024
LT-000675,BATCH-00329,Assay,%,95.0,105.0,98.7,PASS,Released,2024-08-20,AN-014
LT-000676,BATCH-00329,Impurities,%,0.0,0.5,0.152,PASS,Released,2024-08-19,AN-014
LT-000677,BATCH-00330,Assay,%,95.0,105.0,101.3,PASS,Released,2024-08-22,AN-015
LT-000678,BATCH-00330,pH,pH,5.5,7.5,6.71,PASS,Released,2024-08-22,AN-013
LT-000679,BATCH-00332,Assay,%,95.0,105.0,100.4,PASS,Released,2024-08-23,AN-010
LT-000680,BATCH-00332,Hardness,N,60.0,120.0,79.4,PASS,Released,2024-08-22,AN-013
LT-000681,BATCH-00331,Assay,%,95.0,105.0,99.2,pass,Released,2024-08-23,AN-010
LT-000682,BATCH-00331,Impurities,%,0.0,0.5,<0.05,PASS,Released,2024-08-23,AN-012
LT-000683,BATCH-00333,Assay,%,95.0,105.0,93.7,FAIL,Quarantine,2024-08-24,AN-013
LT-000684,BATCH-00333,Content uniformity,%,90.0,110.0,112.6,FAIL,Quarantine,22-Aug-2024,AN-010
LT-000685,BATCH-00334,Assay,%,95.0,105.0,101.0,PASS,Released,2024-08-25,AN-008
LT-000686,BATCH-00334,pH,pH,5.5,7.5,6.6,PASS,Released,2024-08-24,AN-004
LT-000687,BATCH-00335,Assay,%,95.0,105.0,100.0,PASS,Released,2024-08-23,AN-006
LT-000688,BATCH-00335,Impurities,%,0.0,0.5,0.09,PASS,Released,2024-08-22,AN-021
LT-000689,BATCH-00337,Assay,%,95.0,105.0,101.1,PASS,Released,2024-08-23,AN-013
LT-000690,BATCH-00337,pH,pH,5.5,7.5,6.15,PASS,Released,2024-08-25,AN-009
LT-000691,BATCH-00336,Assay,%,95.0,105.0,98.9,PASS,Released,2024-08-22,AN-015
LT-000692,BATCH-00336,Content uniformity,%,90.0,110.0,102.9,PASS,Released,2024-08-23,AN-020
LT-000693,BATCH-00339,Assay,%,95.0,105.0,98.3 %,PASS,Released,2024-08-25,AN-023
LT-000694,BATCH-00339,Content uniformity,%,90.0,110.0,103.1,PASS,Released,2024-08-26,AN-022
LT-000695,BATCH-00338,Assay,%,95.0,105.0,99.3,PASS,Released,2024-08-26,AN-004
LT-000696,batch-00338,Impurities,%,0.0,0.5,0.529,PASS,Released,2024-08-26,AN-018
LT-000697,BATCH-00340,Assay,%,95.0,105.0,99.8,PASS,Rejected,2024-08-25,AN-023
LT-000698,BATCH-00340,Content uniformity,%,90.0,110.0,111.5,FAIL,Rejected,2024-08-27,AN-006
LT-000699,BATCH-00341,Assay,%,95.0,105.0,97.8,PASS,released,2024-08-26,AN-011
LT-000700,BATCH-00341,pH,pH,5.5,7.5,6.44,pass,Released,2024-08-28,AN-017
LT-000701,BATCH-00342,Assay,%,95.0,105.0,101.8,PASS,Released,2024-08-26,AN-005
LT-000702,BATCH-00342,pH,pH,5.5,7.5,6.43,PASS,Released,2024-08-28,AN-008
LT-000703,BATCH-00343,Assay,%,95.0,105.0,99.7,PASS,,2024-08-30,AN-004
LT-000704,BATCH-00343,Hardness,N,60.0,120.0,82.0,PASS,Released,2024-08-30,AN-009
LT-000705,BATCH-00344,Assay,%,95.0,105.0,98.4,PASS,Released,2024-08-29,AN-025
LT-000706,BATCH-00344,Moisture,%,0.0,4.0,0.88,PASS,Released,2024-08-27,AN-024
LT-000707,BATCH-00346,Assay,%,95.0,105.0,99.7,PASS,Released,2024-08-31,AN-014
LT-000708,BATCH-00346,Dissolution,%,80.0,100.0,90.4,PASS,Released,2024-08-29,AN-008
LT-000709,BATCH-00345,Assay,%,95.0,105.0,98.8,PASS,Released,2024-09-01,AN-005
LT-000710,BATCH-00345,pH,pH,5.5,7.5,6.55,PASS,Released,2024-08-30,AN-022
LT-000711,BATCH-00347,Assay,%,95.0,105.0,100.0,PASS,Released,2024-09-01,AN-015
LT-000712,BATCH-00347,Moisture,%,0.0,4.0,1.58,PASS,Released,03/09/2024,AN-013
LT-000713,BATCH-00348,Assay,%,95.0,105.0,98.7,PASS,Released,2024-09-03,AN-020
LT-000714,BATCH-00348,Impurities,%,0.0,0.5,0.03,PASS,Released,2024-09-04,AN-003
LT-000715,BATCH-00349,Assay,%,95.0,105.0,98.8,PASS,Released,2024-09-02,AN-010
LT-000716,BATCH-00349,Impurities,%,0.0,0.5,0.184,PASS,Released,2024-09-05,AN-011
LT-000717,BATCH-00350,Assay,%,95.0,105.0,101.6,PASS,Released,2024-09-04,AN-011
LT-000718,BATCH-00350,Dissolution,%,80.0,100.0,93.6,PASS,Released,2024-09-06,AN-003
LT-000719,BATCH-00351,Assay,%,95.0,105.0,98.8,PASS,Released,05/09/2024,AN-016
LT-000720,BATCH-00351,Impurities,%,0.0,0.5,0.251,PASS,Released,2024-09-08,AN-004
LT-000721,BATCH-00351,pH,pH,5.5,7.5,6.47,PASS,Released,2024-09-06,AN-025
LT-000722,BATCH-00352,Assay,%,95.0,105.0,100.8,PASS,Released,2024-09-06,AN-015
LT-000722,BATCH-00352,Assay,%,95.0,105.0,100.8,PASS,Released,2024-09-06,AN-015
LT-000723,BATCH-00352,Moisture,%,0.0,4.0,2.68,PASS,Released,2024-09-05,AN-020
LT-9009,BATCH-00509,Assay,%,95.0,105.0,102.1,PASS,Released,2024-04-06,AN-001
LT-000724,BATCH-00352 ,pH,pH,5.5,7.5,6.63,PASS,Released,2024-09-08,AN-023
LT-000725,BATCH-00353,Assay,%,95.0,105.0,100.6,PASS,Released,2024-09-08,AN-020
LT-000726,batch-00353,Hardness,N,60.0,120.0,90.6,PASS,Released,2024-09-08,AN-025
LT-000727,BATCH-00354,Assay,%,95.0,105.0,99.8,PASS,RELEASED,2024-09-10,AN-015
LT-000728,BATCH-00354,pH,pH,5.5,7.5,6.86,PASS,Released,2024-09-08,AN-013
LT-000729,BATCH-00356,Assay,%,105.0,95.0,99.5,Pass,Released,10/09/2024,AN-004
LT-000730,BATCH-00356,Content uniformity,%,90.0,110.0,105.5,PASS,Released,2024-09-08,AN-019
LT-000731,BATCH-00356,Moisture,%,0.0,4.0,2.34,PASS,Released,2024-09-11,AN-024
LT-000732,BATCH-00355,Assay,%,95.0,105.0,98.3,PASS,Released,2024-09-09,AN-013
LT-000733,BATCH-00355,Dissolution,%,80.0,100.0,92.9,PASS,Released,2024-09-10,AN-014
LT-000734,BATCH-00358,Assay,%,95.0,105.0,100.0,PASS,Released,2024-09-10,AN-024
LT-000735,BATCH-00358,Hardness,N,60.0,120.0,N/A,PASS,Released,10-Sep-2024,AN-004
LT-000736,BATCH-00358,Moisture,%,0.0,4.0,2.98,PASS,Released,09/09/2024,AN-017
LT-000737,BATCH-00357,Assay,%,95.0,105.0,99.7,PASS,Released,2024-09-11,AN-018
LT-000738,BATCH-00357,Moisture,%,0.0,4.0,1.48,PASS,Released,2024-09-12,AN-011
LT-000739,BATCH-00359,Assay,%,95.0,105.0,101.7,PASS,Released,2024-09-11,AN-009
LT-000740,BATCH-00359,Moisture,%,0.0,4.0,2.16,PASS,Released,2024-09-11,AN-009
LT-000741,BATCH-00360,Assay,%,95.0,105.0,99.5,PASS,Released,2024-09-13,AN-014
LT-000742,BATCH-00360,Dissolution,%,80.0,100.0,91.5,PASS,Released,2024-09-06,AN-025
LT-000743,BATCH-00360,Moisture,%,0.0,4.0,2.06,PASS,Released,2024-09-10,AN-001
LT-000744,BATCH-00361,Assay,%,95.0,105.0,102.4,PASS,Released,2024-09-14,AN-010
LT-000745,BATCH-00361,Impurities,%,0.0,0.5,0.03,PASS,Released,2024-09-14,AN-011
LT-000746,BATCH-00362,Assay,%,95.0,105.0,98.6,PASS,Released,2024-09-15,AN-006
LT-9008,BATCH-00501,Assay,%,95.0,105.0,100.6,PASS,Released,2024-07-25,AN-024
LT-000747,BATCH-00362,Moisture,%,0.0,4.0,2.0,PASS,,2024-09-14,AN-017
LT-000748,BATCH-00363,Assay,%,95.0,105.0,100.0,FAIL,Released,2024-09-15,AN-011
LT-000749,BATCH-00363,Moisture,%,0.0,4.0,3.14,PASS,Released,2024-09-12,AN-001
LT-000750,BATCH-00365,Assay,%,95.0,105.0,101.3,PASS,Released,13/09/2024,AN-007
LT-000751,BATCH-00365,Dissolution,%,80.0,100.0,93.3,PASS,Released,2024-09-13,AN-011
LT-000752,BATCH-00364,Assay,%,95.0,105.0,99.4,PASS,Released,2024-09-13,AN-023
LT-000753,BATCH-00364,pH,pH,5.5,7.5,6.95,PASS,Released,2024-09-16,AN-015
LT-000754,BATCH-00367,Assay,%,95.0,105.0,99.7,PASS,Released,2024-09-17,AN-003
LT-000755,BATCH-00367,Moisture,%,0.0,4.0,3.45 %,PASS,Released,2024-09-17,AN-018
LT-000756,BATCH-00366,Assay,%,95.0,105.0,99.8,PASS,Released,2024-09-14,AN-006
LT-000757,BATCH-00366,Content uniformity,%,90.0,110.0,98.1,PASS,Released,2024-09-16,AN-011
LT-000758,BATCH-00368,Assay,%,95.0,105.0,99.9,PASS,Released,2024-09-17,AN-022
LT-000759,BATCH-00368,Dissolution,%,80.0,100.0,100.8,PASS,Released,2024-09-17,AN-012
LT-000760,BATCH-00368,Moisture,%,0.0,4.0,1.95,PASS,Released,2024-09-16,AN-024
LT-000761,BATCH-00369,Assay,%,95.0,105.0,102.6,PASS,Released,2024-09-18,AN-023
LT-000762,BATCH-00369,Dissolution,%,80.0,100.0,89.1,PASS,Released,2024-09-18,AN-020
LT-000763,BATCH-00370,Assay,%,95.0,105.0,99.6,PASS,Released,2024-09-18,AN-013
LT-000764,BATCH-00370,Dissolution,%,80.0,100.0,90.3,PASS,Released,2024-09-17,AN-023
LT-000764,BATCH-00370,Dissolution,%,80.0,100.0,90.3,PASS,Released,2024-09-17,AN-023
LT-000765,BATCH-00371,Assay,%,95.0,,98.9,PASS,Released,2024-09-19,AN-024
LT-000766,BATCH-00372,Assay,%,95.0,,97.7,PASS,Released,2024-09-18,AN-021
LT-000767,BATCH-00372,Dissolution,%,80.0,100.0,91.0 %,P,released,2024-09-20,AN-010
LT-000768,BATCH-00373,Assay,%,95.0,105.0,100.6,PASS,Released,2024-09-21,AN-007
LT-000769,BATCH-00373,Dissolution,%,80.0,100.0,90.7,PASS,Released,2024-09-19,AN-015
LT-000770,BATCH-00373,Impurities,%,0.0,0.5,0.217,PASS,Released,2024-09-21,AN-019
LT-000771,BATCH-00374,Assay,%,95.0,105.0,103.0,PASS,Released,22-Sep-2024,AN-007
LT-000772,batch-00374,Moisture,%,0.0,4.0,2.67,PASS,RELEASED,2024-09-21,AN-004
LT-000773,BATCH-00375,Assay,%,95.0,105.0,97.4,PASS,Released,2024-09-21,AN-014
LT-9002,BATCH-00502,Assay,%,95.0,105.0,103.6,PASS,Released,2024-01-21,AN-015
LT-000774,BATCH-00375,Moisture,%,0.0,4.0,3.41,PASS,Released,2024-09-22,AN-014
LT-000775,BATCH-00376,Assay,%,95.0,105.0,100.8,PASS,Released,2024-09-24,AN-012
LT-000776,BATCH-00376,pH,pH,5.5,7.5,6.73,PASS,Released,2024-09-27,AN-008
LT-000777,BATCH-00377,Assay,%,95.0,105.0,98.4,PASS,Released,2024-09-26,AN-002
LT-000778,BATCH-00377,Hardness,N,60.0,120.0,93.2,PASS,Released,2024-09-26,AN-021
LT-000779,BATCH-00378,Assay,%,95.0,105.0,100.0,PASS,Released,2024-09-26,AN-019
LT-000780,BATCH-00378,Moisture,%,0.0,4.0,2.37,PASS,Released,2024-09-27,AN-016
LT-000781,BATCH-00379,Assay,%,95.0,105.0,100.1,PASS,Released,2024-09-27,AN-003
LT-000782,BATCH-00380,Assay,%,95.0,105.0,100.2,PASS,Released,2024-09-27,AN-019
LT-000783,BATCH-00380,Content uniformity,%,90.0,110.0,99.3,PASS,Released,2024-09-27,AN-016
LT-000784,BATCH-00381,Assay,%,95.0,105.0,100.5,PASS,Released,2024-09-29,AN-014
LT-000785,BATCH-00381,pH,pH,5.5,7.5,6.78,PASS,Released,2024-09-29,AN-006
LT-000786,BATCH-00382,Assay,%,95.0,105.0,98.9,PASS,Released,2024-09-30,AN-012
LT-000787,BATCH-00382,pH,pH,5.5,7.5,6.64,PASS,Released,2024-09-28,AN-023
LT-000788,BATCH-00384,Assay,%,95.0,105.0,98.5,PASS,Released,2024-09-30,AN-022
LT-000789,BATCH-00383,Assay,%,95.0,105.0,100.5,PASS,Released,2024-09-30,AN-019
LT-000790,BATCH-00383,pH,pH,5.5,7.5,6.34,PASS,Released,2024-10-01,AN-021
LT-000791,BATCH-00385,Assay,%,95.0,105.0,100.1,P,Released,2024-09-30,AN-022
LT-000792,BATCH-00385,Moisture,%,0.0,4.0,1.97,PASS,Released,2024-09-29,AN-001
LT-000793,BATCH-00386,Assay,%,95.0,105.0,103.6,PASS,RELEASED,2024-09-30,AN-024
LT-000794,BATCH-00386,Moisture,%,0.0,4.0,2.64,PASS,Released,2024-09-29,AN-024
LT-000795,BATCH-00387,Assay,%,95.0,105.0,100.4,PASS,Released,2024-10-01,AN-013
LT-000796,BATCH-00387,Hardness,N,60.0,120.0,97.8,PASS,Released,2024-10-02,AN-017
LT-000797,BATCH-00387,pH,pH,5.5,7.5,6.31,PASS,Released,2024-10-03,AN-010
LT-000798,BATCH-00388,Assay,%,95.0,105.0,100.2,PASS,Released,2024-10-02,AN-003
LT-000799,BATCH-00388,Dissolution,%,80.0,100.0,91.2,PASS,Released,2024-10-01,AN-011
LT-000800,BATCH-00389,Assay,%,95.0,105.0,105.8,FAIL,Quarantine,2024-10-03,AN-013
LT-000801,BATCH-00389,pH,pH,5.5,7.5,7.75,fail,Quarantine,01/10/2024,AN-011
LT-000802,BATCH-00390,Assay,%,95.0,105.0,98.5,PASS,Released,2024-10-08,AN-006
LT-000803,BATCH-00390,Moisture,%,0.0,4.0,1.78,PASS,Released,2024-10-10,AN-005
LT-000804,BATCH-00391,Assay,%,95.0,105.0,100.7,PASS,Released,2024-10-10,AN-018
LT-000805,BATCH-00391,Content uniformity,%,90.0,110.0,96.7,PASS,Released,2024-10-10,AN-023
LT-9000,BATCH-00508,Assay,%,95.0,105.0,99.9,PASS,Released,2024-01-05,AN-024
LT-000806,BATCH-00391,Hardness,N,60.0,120.0,93.9,PASS,Released,2024-10-09,AN-025
LT-000807,BATCH-00393,Assay,%,95.0,105.0,100.6,PASS,Released,2024-10-10,AN-024
LT-000808,BATCH-00393,Hardness,N,60.0,120.0,88.3,PASS,Released,2024-10-09,AN-010
LT-000809,BATCH-00392,Assay,%,95.0,105.0,,PASS,Rejected,2024-10-08,AN-001
LT-000810,BATCH-00392,Impurities,%,0.0,0.5,0.544,OOS,Rejected,2024-10-11,AN-022
LT-000811,BATCH-00394,Assay,%,95.0,105.0,101.4,PASS,Released,2024-10-09,AN-019
LT-000812,BATCH-00394,Hardness,N,60.0,120.0,102.1,PASS,Released,2024-10-08,AN-024
LT-000813,BATCH-00394,pH,pH,5.5,7.5,6.44,PASS,Released,2024-10-09,AN-013
LT-000814,BATCH-00395,Assay,%,95.0,105.0,99.9,PASS,Released,2024-10-13,AN-022
LT-000815,BATCH-00395,Dissolution,%,80.0,100.0,92.7,PASS,Released,2024-10-13,AN-004
LT-000816,BATCH-00396,Assay,%,95.0,105.0,97.8,PASS,Released,2024-10-12,AN-011
LT-000817,BATCH-00397,Assay,%,95.0,105.0,106.1,FAIL,Quarantine,2024-10-11,AN-015
LT-000818,BATCH-00399,Assay,%,95.0,105.0,98.3,PASS,Released,2024-10-11,AN-022
LT-000819,BATCH-00399,Impurities,%,0.0,0.5,0.177,PASS,Released,2024-10-13,AN-001
LT-000820,BATCH-00398,Assay,%,95.0,105.0,100.5,PASS,Released,2024-10-13,AN-002
LT-000821,BATCH-00398,Dissolution,%,80.0,100.0,86.0,PASS,released,2024-10-12,AN-021
LT-000822,BATCH-00400,Assay,%,95.0,105.0,100.6,PASS,Released,2024-10-15,AN-004
LT-000823,BATCH-00400,Hardness,N,60.0,120.0,88.3,PASS,released,2024-10-12,AN-024
LT-000824,BATCH-00401,Assay,%,95.0,105.0,101.3,PASS,Released,2024-10-17,AN-019
LT-000825,BATCH-00402,Assay,%,95.0,105.0,97.8,PASS,Released,2024-10-18,AN-014
LT-000826,BATCH-00402,Moisture,%,0.0,4.0,1.26,PASS,Released,2024-10-18,AN-023
LT-000827,BATCH-00405,Assay,%,95.0,105.0,101.2 %,PASS,Released,18/10/2024,AN-015
LT-000828,BATCH-00405,pH,pH,5.5,7.5,6.44,PASS,Released,2024-10-19,AN-018
LT-000829,BATCH-00404,Assay,%,95.0,105.0,98.4,PASS,Released,2024-10-22,AN-013
LT-000830,BATCH-00403,Assay,%,95.0,105.0,101.5,PASS,Released,2024-10-21,AN-024
LT-000831,BATCH-00403,Hardness,N,60.0,120.0,85.8,PASS,Released,2024-10-22,AN-007
LT-000832,BATCH-00406,Assay,%,95.0,105.0,101.0,PASS,Released,2024-10-20,AN-021
LT-000833,BATCH-00406,Hardness,N,60.0,120.0,79.2,Pass,Released,2024-10-21,AN-022
LT-000834,BATCH-00406,pH,pH,5.5,7.5,6.14,PASS,,2024-10-22,AN-002
LT-000835,BATCH-00408,Assay,%,95.0,105.0,99.1,PASS,Released,2024-10-19,AN-020
LT-9004,BATCH-00509,Assay,%,95.0,105.0,99.4,PASS,Released,2024-07-27,AN-011
LT-000836,BATCH-00408,Hardness,N,120.0,60.0,90.5,PASS,Released,2024-10-20,AN-004
LT-000837,BATCH-00407,Assay,%,95.0,105.0,100.7,Passed,RELEASED,2024-10-22,AN-008
LT-000838,BATCH-00407,Dissolution,%,80.0,100.0,89.9,PASS,Released,2024-10-21,AN-025
LT-000839,BATCH-00410,Assay,%,95.0,105.0,98.9,PASS,Released,2024-10-21,AN-005
LT-000840,BATCH-00410,Hardness,N,60.0,120.0,98.4,PASS,Released,23-Oct-2024,AN-023
LT-000841,BATCH-00409,Assay,%,95.0,105.0,97.5,P,Released,2024-10-24,AN-015
LT-000842,BATCH-00409 ,Hardness,N,60.0,120.0,78.8 N,PASS,Released,2024-10-23,AN-025
LT-000843,BATCH-00412,Assay,%,95.0,105.0,100.1,PASS,released,2024-10-25,AN-024
LT-000844,BATCH-00412,Moisture,%,0.0,4.0,2.2,PASS,Released,2024-10-25,AN-010
LT-000845,BATCH-00411,Assay,%,95.0,105.0,99.2,PASS,Released,2024-10-19,AN-020
LT-000846,BATCH-00411,Impurities,%,0.0,0.5,0.125,PASS,Released,2024-10-26,AN-015
LT-000847,BATCH-00411,pH,pH,5.5,7.5,6.54,PASS,Released,2024-10-26,AN-001
LT-000848,BATCH-00416,Assay,%,95.0,105.0,100.4,PASS,Released,2024-10-25,AN-021
LT-000849,BATCH-00416,Dissolution,%,80.0,100.0,92.2,PASS,Released,2024-10-24,AN-022
LT-000850,BATCH-00414,Assay,%,95.0,105.0,98.6,PASS,Released,2024-10-23,AN-019
LT-000851,BATCH-00414,Content uniformity,%,90.0,110.0,99.5,PASS,Released,2024-10-24,AN-023
LT-000852,BATCH-00413,Assay,%,95.0,105.0,99.9,PASS,Quarantine,2024-10-26,AN-002
LT-000853,BATCH-00413,Content uniformity,%,90.0,110.0,111.2,OOS,Quarantine,2024-10-25,AN-020
LT-000854,BATCH-00415,Assay,%,95.0,105.0,100.0,PASS,Released,2024-10-26,AN-008
LT-000855,BATCH-00415,pH,pH,,7.5,6.43,PASS,Released,2024-10-26,AN-010
LT-000856,BATCH-00417,Assay,%,95.0,105.0,98.5,PASS,Released,2024-10-27,AN-017
LT-000857,BATCH-00417,Content uniformity,%,90.0,110.0,99.5,PASS,Released,2024-10-26,AN-019
LT-000858,BATCH-00417,Dissolution,%,80.0,100.0,90.7,PASS,released,2024-10-26,AN-024
LT-000859,BATCH-00418,Assay,%,95.0,105.0,99.0,PASS,Released,2024-10-31,AN-022
LT-000860,BATCH-00418,Content uniformity,%,90.0,110.0,97.5,PASS,Released,2024-10-28,AN-011
LT-000861,BATCH-00419,Assay,%,95.0,105.0,98.7,PASS,Released,2024-11-01,AN-001
LT-000862,BATCH-00419,pH,pH,5.5,7.5,6.99,P,Released,2024-10-30,AN-013
LT-000863,BATCH-00420,Assay,%,95.0,105.0,99.7,PASS,Released,2024-10-31,AN-014
LT-000864,BATCH-00422,Assay,%,95.0,105.0,100.4,PASS,Released,2024-11-03,AN-012
LT-000865,BATCH-00422,pH,pH,5.5,7.5,6.24,PASS,Released,2024-11-03,AN-023
LT-000866,BATCH-00421,Assay,%,95.0,105.0,100.1,PASS,Released,01-Nov-2024,AN-025
LT-000867,BATCH-00423,Assay,%,95.0,105.0,99.2,PASS,Released,2024-10-31,AN-012
LT-000868,BATCH-00423,Impurities,%,0.0,0.5,<0.05,PASS,Released,2024-11-02,AN-005
LT-000869,BATCH-00424,Assay,%,95.0,105.0,99.8,PASS,Released,2024-11-01,AN-020
LT-000870,BATCH-00424,Impurities,%,0.0,0.5,0.077,PASS,Released,2024-11-03,AN-007
LT-000871,BATCH-00424,pH,pH,5.5,7.5,6.64,PASS,Released,2024-11-01,AN-012
LT-000872,BATCH-00425,Assay,%,95.0,105.0,97.7,PASS,Released,2024-11-04,AN-002
LT-000873,BATCH-00425,Impurities,%,0.0,0.5,0.124,PASS,Released,2024-11-03,AN-024
LT-000874,BATCH-00425,pH,pH,7.5,5.5,6.4,PASS,Released,2024-11-03,AN-014
LT-000875,BATCH-00426,Assay,%,95.0,105.0,,PASS,Released,2024-11-05,AN-023
LT-000876,BATCH-00426,Content uniformity,%,90.0,110.0,100.2,PASS,Released,2024-11-06,AN-001
LT-000877,BATCH-00426,pH,pH,5.5,7.5,6.9,PASS,Released,2024-11-04,AN-023
LT-000878,BATCH-00427,Assay,%,95.0,105.0,99.8,PASS,Released,2024-11-06,AN-007
LT-000879,BATCH-00428,Assay,%,95.0,105.0,101.1,PASS,Released,2024-11-07,AN-003
LT-000880,BATCH-00428 ,Content uniformity,%,90.0,110.0,105.5,PASS,Released,2024-11-06,AN-002
LT-000881,BATCH-00429,Assay,%,95.0,105.0,99.2,PASS,Released,2024-11-06,AN-025
LT-000882,BATCH-00430,Assay,%,95.0,105.0,98.5,PASS,Released,2024-11-06,AN-009
LT-000883,BATCH-00430,pH,pH,5.5,7.5,6.09,PASS,Released,2024-11-06,AN-007
LT-000884,BATCH-00431,Assay,%,95.0,105.0,101.2,PASS,Released,2024-11-11,AN-010
LT-000885,BATCH-00431,Impurities,%,0.0,0.5,0.188,PASS,Released,2024-11-10,AN-011
LT-000886,BATCH-00432,Assay,%,95.0,105.0,99.7,PASS,Released,2024-11-10,AN-010
LT-000887,BATCH-00433,Assay,%,95.0,105.0,99.6,PASS,Released,2024-11-11,AN-018
LT-000888,BATCH-00433,Moisture,%,0.0,4.0,2.86,PASS,Released,2024-11-12,AN-011
LT-000889,BATCH-00434,Assay,%,95.0,105.0,100.2,PASS,Released,2024-11-12,AN-016
LT-000890,BATCH-00434,Hardness,N,60.0,120.0,90.0,PASS,Released,2024-11-11,AN-020
LT-000891,BATCH-00434,Impurities,%,0.0,0.5,0.114,PASS,Released,2024-11-12,AN-001
LT-000892,BATCH-00435,Assay,%,95.0,105.0,99.4,PASS,Released,2024-11-12,AN-020
LT-000893,BATCH-00436,Assay,%,95.0,105.0,98.8,PASS,Released,14-Nov-2024,AN-007
LT-000894,batch-00436,Content uniformity,%,90.0,110.0,103.3,PASS,Released,2024-11-15,AN-024
LT-000895,BATCH-00437,Assay,%,95.0,105.0,103.0,PASS,Released,2024-11-16,AN-002
LT-000896,BATCH-00437,Content uniformity,%,90.0,110.0,98.2,PASS,Released,2024-11-17,AN-017
LT-000897,BATCH-00438,Assay,%,95.0,105.0,106.3,FAIL,Quarantine,2024-11-15,AN-002
LT-000898,BATCH-00440,Assay,%,95.0,105.0,99.3,PASS,Released,2024-11-14,AN-017
LT-000899,BATCH-00440,pH,pH,5.5,7.5,6.53,PASS,Released,2024-11-15,AN-015
LT-000900,BATCH-00439,Assay,%,95.0,105.0,101.0,PASS,Released,17-Nov-2024,AN-014
LT-000901,BATCH-00439,Content uniformity,%,90.0,110.0,111.3,PASS,Released,2024-11-16,AN-002
LT-000902,BATCH-00439,Impurities,%,0.0,0.5,0.195,PASS,Released,2024-11-18,AN-005
LT-000903,BATCH-00441,Assay,%,95.0,105.0,101.8,PASS,Released,2024-11-19,AN-023
LT-000904,BATCH-00441,Impurities,%,0.0,0.5,0.137,PASS,Released,17-Nov-2024,AN-021
LT-000905,BATCH-00442,Assay,%,95.0,105.0,101.9,PASS,Released,2024-11-20,AN-003
LT-000906,BATCH-00442,Hardness,N,60.0,120.0,94.5,PASS,Released,2024-11-19,AN-020
LT-000907,BATCH-00443,Assay,%,95.0,105.0,99.8,PASS,released,2024-11-18,AN-022
LT-000908,BATCH-00444,Assay,%,95.0,105.0,102.6,PASS,Released,2024-11-21,AN-024
LT-000909,BATCH-00445,Assay,%,95.0,105.0,93.7,fail,Quarantine,2024-11-23,AN-007
LT-000910,BATCH-00445,Impurities,%,0.0,0.5,0.522,OOS,Quarantine,2024-11-20,AN-011
LT-000911,BATCH-00446,Assay,%,95.0,105.0,101.1,PASS,Released,20/11/2024,AN-024
LT-000912,BATCH-00446,Hardness,N,60.0,120.0,108.1,PASS,Released,2024-11-21,AN-024
LT-000913,BATCH-00447,Assay,%,95.0,105.0,102.0,PASS,Released,2024-11-23,AN-015
LT-000914,batch-00447,Content uniformity,%,90.0,110.0,95.9,PASS,Released,2024-11-20,AN-001
LT-000915,BATCH-00448,Assay,%,95.0,105.0,96.3,PASS,Released,2024-11-23,AN-022
LT-000916,BATCH-00448,Moisture,%,0.0,4.0,1.95,PASS,Released,2024-11-24,AN-012
LT-000917,BATCH-00450,Assay,%,95.0,105.0,100.3,PASS,Released,2024-11-24,AN-012
LT-000918,BATCH-00450,Dissolution,%,80.0,100.0,88.5,PASS,Released,2024-11-22,AN-008
LT-000919,BATCH-00450,pH,pH,5.5,7.5,6.56,PASS,Released,23/11/2024,AN-013
LT-9014,BATCH-00503,Assay,%,95.0,105.0,100.2,PASS,Released,2024-02-06,AN-015
LT-000920,BATCH-00449,Assay,%,95.0,105.0,99.9,PASS,RELEASED,2024-11-22,AN-001
LT-000921,BATCH-00449,Dissolution,%,80.0,100.0,93.5,PASS,Released,2024-11-24,AN-006
LT-000922,BATCH-00453,Assay,%,95.0,105.0,97.4,PASS,Released,2024-11-26,AN-016
LT-000923,BATCH-00453,Content uniformity,%,90.0,110.0,,PASS,Released,2024-11-23,AN-016
LT-000924,BATCH-00453,Dissolution,%,80.0,100.0,90.6,PASS,Released,2024-11-25,AN-004
LT-000925,BATCH-00451,Assay,%,95.0,105.0,97.5,PASS,Released,2024-11-23,AN-019
LT-000926,BATCH-00451,Hardness,N,60.0,120.0,77.9,FAIL,Released,2024-11-25,AN-017
LT-000927,BATCH-00454,Assay,%,95.0,105.0,100.3,PASS,Released,2024-11-23,AN-021
LT-000928,BATCH-00454,Dissolution,%,80.0,100.0,89.8,PASS,Released,2024-11-25,AN-012
LT-000929,BATCH-00454,Hardness,N,60.0,120.0,85.5,PASS,Released,2024-11-24,AN-014
LT-000930,BATCH-00452,Assay,%,95.0,105.0,99.9,PASS,Released,2024-11-26,AN-024
LT-000931,BATCH-00452,pH,pH,5.5,7.5,6.61,PASS,Released,24/11/2024,AN-025
LT-000932,BATCH-00455,Assay,%,95.0,105.0,100.1,PASS,Released,26/11/2024,AN-024
LT-000933,BATCH-00456,Assay,%,95.0,105.0,99.5,PASS,Released,2024-11-27,AN-025
LT-000934,BATCH-00456,Dissolution,%,80.0,100.0,92.0,PASS,RELEASED,2024-11-26,AN-017
LT-000935,BATCH-00457,Assay,%,95.0,105.0,97.6,Passed,Released,2024-11-26,AN-003
LT-000936,BATCH-00457,Dissolution,%,80.0,100.0,86.4,PASS,Released,2024-11-27,AN-015
LT-000937,BATCH-00459,Assay,%,95.0,105.0,100.3,PASS,Released,2024-11-28,AN-002
LT-000938,BATCH-00459,Hardness,N,60.0,120.0,91.0,PASS,Released,2024-11-25,AN-008
LT-000939,BATCH-00458,Assay,%,95.0,105.0,100.3,PASS,Released,2024-11-28,AN-011
LT-000940,BATCH-00458,Hardness,N,60.0,120.0,97.2,PASS,Released,28/11/2024,AN-012
LT-000941,BATCH-00460,Assay,%,95.0,105.0,99.8,PASS,Released,2024-11-26,AN-013
LT-000942,BATCH-00460,Content uniformity,%,90.0,110.0,98.8,PASS,Released,2024-11-27,AN-024
LT-000943,BATCH-00460,Moisture,%,0.0,4.0,2.23,PASS,Released,27-Nov-2024,AN-016
LT-000944,BATCH-00461,Assay,%,95.0,105.0,99.5 %,PASS,Released,2024-11-22,AN-004
LT-000945,BATCH-00461,Impurities,%,0.0,0.5,0.163,PASS,Released,28/11/2024,AN-003
LT-000946,BATCH-00462,Assay,%,95.0,105.0,99.1,PASS,Released,2024-11-28,AN-006
LT-000947,BATCH-00462,Impurities,%,0.0,0.5,0.122,PASS,Released,2024-11-26,AN-013
LT-000948,BATCH-00464,Assay,%,95.0,105.0,99.3,PASS,Released,2024-12-02,AN-023
LT-000949,BATCH-00464,Content uniformity,%,90.0,110.0,102.1,PASS,Released,2024-11-30,AN-020
LT-000950,BATCH-00463,Assay,%,95.0,105.0,102.2,PASS,Released,2024-12-01,AN-024
LT-000951,BATCH-00463,pH,pH,5.5,7.5,6.54,PASS,Released,2024-12-01,AN-025
LT-000952,BATCH-00465,Assay,%,95.0,105.0,99.6,PASS,Released,2024-12-02,AN-021
LT-000953,BATCH-00465,Hardness,N,60.0,120.0,94.8,PASS,Released,2024-12-03,AN-008
LT-000954,BATCH-00466,Assay,%,95.0,105.0,98.3,PASS,Released,2024-12-02,AN-003
LT-000955,BATCH-00466,Content uniformity,%,90.0,110.0,99.4,PASS,Released,2024-12-03,AN-002
LT-000956,BATCH-00467,Assay,%,95.0,105.0,100.7,PASS,Released,2024-12-05,AN-019
LT-000957,BATCH-00467,Impurities,%,0.0,0.5,0.215,PASS,Released,2024-12-05,AN-002
LT-000958,BATCH-00470,Assay,%,95.0,105.0,99.8,PASS,Released,2024-12-04,AN-024
LT-000959,BATCH-00470,Content uniformity,%,90.0,110.0,97.7 %,PASS,Released,2024-12-04,AN-023
LT-000960,BATCH-00471,Assay,%,95.0,105.0,99.4,PASS,Released,2024-12-05,AN-005
LT-000961,BATCH-00471,Impurities,%,0.0,0.5,0.082,PASS,Released,2024-12-05,AN-020
LT-000962,BATCH-00468,Assay,%,95.0,105.0,98.9,PASS,Released,2024-12-05,AN-022
LT-000963,BATCH-00468,Content uniformity,%,90.0,110.0,98.8 %,PASS,Released,2024-12-04,AN-007
LT-000964,BATCH-00469,Assay,%,95.0,105.0,103.1,PASS,Released,2024-12-07,AN-003
LT-000965,BATCH-00469,Moisture,%,0.0,4.0,2.35,PASS,Released,2024-12-07,AN-023
LT-000966,BATCH-00472,Assay,%,95.0,105.0,99.1,PASS,Released,2024-12-05,AN-018
LT-000967,BATCH-00472,Hardness,N,60.0,120.0,90.2,PASS,Released,07-Dec-2024,AN-008
LT-000968,BATCH-00474,Assay,%,95.0,105.0,106.0,FAIL,Quarantine,2024-12-07,AN-009
LT-000969,BATCH-00474,Dissolution,%,80.0,100.0,85.8,PASS,Quarantine,2024-12-07,AN-007
LT-000970,BATCH-00473,Assay,%,95.0,105.0,98.4,PASS,Released,2024-12-07,AN-021
LT-000971,BATCH-00473,Dissolution,%,80.0,100.0,89.7,PASS,Released,2024-12-06,AN-002
LT-000972,BATCH-00475,Assay,%,95.0,105.0,100.3,PASS,Released,2024-12-09,AN-024
LT-000973,BATCH-00475,Content uniformity,%,90.0,110.0,99.2,PASS,Released,08/12/2024,AN-010
LT-9011,BATCH-00508,Assay,%,95.0,105.0,97.1,PASS,Released,2024-01-25,AN-014
LT-000974,BATCH-00476,Assay,%,95.0,105.0,101.5,PASS,Released,2024-12-12,AN-019
LT-000975,BATCH-00476,pH,pH,5.5,7.5,6.31,PASS,Released,2024-12-13,AN-014
LT-000976,BATCH-00477 ,Assay,%,95.0,105.0,100.7,PASS,Released,2024-12-12,AN-019
LT-000977,BATCH-00477,Impurities,%,0.0,0.5,0.068,PASS,Released,12-Dec-2024,AN-019
LT-000978,BATCH-00478,Assay,%,95.0,105.0,106.0,OOS,Quarantine,2024-12-13,AN-018
LT-000979,BATCH-00478,Moisture,%,0.0,4.0,4.46,FAIL,Quarantine,2024-12-11,AN-015
LT-000980,BATCH-00479,Assay,%,95.0,105.0,100.4,PASS,Released,2024-12-12,AN-010
LT-000981,BATCH-00479,Hardness,N,60.0,120.0,95.1,PASS,Released,2024-12-14,AN-015
LT-000982,BATCH-00480,Assay,%,95.0,105.0,98.5,PASS,Released,2024-12-17,AN-018
LT-000983,BATCH-00480,Dissolution,%,80.0,100.0,86.2,PASS,Released,2024-12-14,AN-011
LT-000984,BATCH-00482,Assay,%,95.0,105.0,98.8,PASS,Released,2024-12-18,AN-024
LT-000985,BATCH-00482,Moisture,%,0.0,4.0,1.24,PASS,Released,2024-12-17,AN-003
LT-000986,BATCH-00482,pH,pH,5.5,7.5,6.45,PASS,Released,2024-12-16,AN-008
LT-000987,BATCH-00481,Assay,%,95.0,105.0,99.1,PASS,Released,2024-12-17,AN-015
LT-000988,BATCH-00481,Content uniformity,%,90.0,110.0,99.8,PASS,Released,2024-12-16,AN-005
LT-000989,BATCH-00483,Assay,%,95.0,105.0,99.6 %,PASS,Released,2024-12-18,AN-001
LT-000990,BATCH-00483,Impurities,%,0.0,0.5,0.168,PASS,Released,2024-12-18,AN-015
LT-000991,BATCH-00484,Assay,%,95.0,,100.6,Passed,Released,2024-12-19,AN-018
LT-000992,BATCH-00484,pH,pH,5.5,7.5,6.67,PASS,Released,2024-12-17,AN-017
LT-000993,BATCH-00487,Assay,%,95.0,105.0,99.7,PASS,Quarantine,2024-12-20,AN-019
LT-000994,BATCH-00487,Dissolution,%,80.0,100.0,100.9,FAIL,Quarantine,2024-12-20,AN-007
LT-000995,BATCH-00485,Assay,%,95.0,105.0,98.5,PASS,Released,2024-12-19,AN-019
LT-000996,BATCH-00485,Hardness,N,60.0,120.0,99.7,PASS,Released,2024-12-17,AN-021
LT-000997,BATCH-00488,Assay,%,95.0,105.0,98.9,PASS,Released,2024-12-20,AN-023
LT-000998,BATCH-00488,pH,pH,5.5,7.5,6.4,PASS,Released,2024-12-19,AN-018
LT-000999,BATCH-00486,Assay,%,95.0,105.0,98.3,PASS,Released,20-Dec-2024,AN-002
LT-001000,BATCH-00486,Impurities,%,0.0,0.5,0.101,PASS,Released,2024-12-17,AN-017
