batch_id,site,production_line,product_code,therapy_area,planned_qty,actual_qty,yield_pct,batch_status,deviation_flag,start_time,end_time
BATCH-00001,Dublin,PET-02,PH_INF_02,Infectious Disease,1250,1202.0,96.16,Released,N,2024-01-02 16:46:00,2024-01-03 21:22:00
BATCH-00002,Wuxi,BL-02,,Infectious Disease,500,482.4,96.48,Released,N,2024-01-02 22:13:00,2024-01-03 10:27:00
BATCH-00003,Houston,PET-01,PH_RESP_01,Others,1500,1462.7,97.51,Released,N,2024-01-03 14:46:00,2024-01-04 00:11:00
BATCH-00004,Wuxi,PET-01,PH_IMM_02,Immunology,1250,1197.5,95.8,Released,N,2024-01-04 01:09:00,2024-01-05 10:10:00
BATCH-00005,Wuxi,BL-02,PH_IMM_01,Immunology,500,485.4,97.08,Released,0,2024-01-04 01:29:00,2024-01-04 11:34:00
BATCH-00006,Houston,PET-01,PH_CARD_02,Cardiology,1500,1451.8,96.79,RELEASED,N,2024-01-04 10:29:00,2024-01-04 20:15:00
BATCH-00007,Wuxi,PET-03,PH_NEU_01,Neurology,750,731.2,97.49,Completed,N,2024-01-05 00:07:00,2024-01-06 06:04:00
BATCH-00008,Dublin,bl-03,PH_IMM_02,Immunology,250,238.3,95.32,Completed,N,2024-01-05 07:39:00,2024-01-05 20:15:00
BATCH-00009,dublin,BL-03,PH_ONC_02,Oncology,750,715.5,95.4,Released,N,2024-01-06 03:05:00,2024-01-06 13:07:00
BATCH-00010,Wuxi,PET-03,PH_NEU_01,Neurology,750,728.7,97.16,Released,N,2024-01-06 21:32:00,2024-01-07 14:31:00
BATCH-00011,Dublin,PET-03,PH_CARD_02,Cardiology,1250,1187.7,95.02,Released,N,2024-01-07 16:11:00,2024-01-08 19:02:00
BATCH-00012,Dublin,BL-03,PH_ONC_01,Oncology,750,,96.13,Released,N,2024-01-08 08:26:00,2024-01-08 19:51:00
BATCH-00013,Houston,PET-03,PH_IMM_02,Immunology,250,238.7,95.48,RELEASED,N,2024-01-08 20:36:00,2024-01-10 04:46:00
BATCH-00014,Dublin,BL-02,PH_CARD_01,Cardiology,1000,955.6,95.56%,Completed,N,2024-01-09 03:47:00,2024-01-10 15:00:00
BATCH-00015,Singapore,BL-01,PH_ONC_02,Oncology,1000,953.8,95.38,Released,N,2024-01-09 21:24:00,10/01/2024 23:32
BATCH-00016,Wuxi,PET-01,PH_NEU_02,Neurology,1500,1455.6,97.04,Released,FALSE,2024-01-10 12:05:00,2024-01-11 16:28:00
BATCH-00017,Dublin,BL-01,PH_CARD_01,Cardiology,750,723.7,96.49,Released,N,13/01/2024 12:30,2024-01-14 01:21:00
BATCH-00018,Houston,BL-01,PH_IMM_02,Immunology,1250,1221.3,97.7,On Hold,N,2024-01-13 17:37:00,2024-01-14 19:25:00
BATCH-00018,Houston,BL-01,PH_IMM_02,Immunology,1250,1221.3,97.7,On Hold,N,2024-01-13 17:37:00,2024-01-14 19:25:00
BATCH-00019,Dublin,pet-03,PH_GI_01,Others,1000,966.5,96.65,Released,N,2024-01-13 18:06:00,2024-01-15 05:22:00
BATCH-00020,Houston,BL-02,PH_ONC_02,Oncology,1500,1451.6,96.77,Completed,0,2024-01-13 19:18:00,2024-01-15 05:14:00
BATCH-00021,Houston,BL-02,PH_CARD_01,Cardiology,750,742.9,99.05,Released,N,2024-01-15 04:06:00,2024-01-15 21:42:00
BATCH-00022,Wuxi,BL-01,PH_ONC_02,Oncology,750,738.5,98.47,Released,no,2024-01-15 05:47:00,2024-01-16 09:15:00
BATCH-00023,Singapore,PET-02,PH_ONC_01,Oncology,1250,1201.9,96.15,released,N,2024-01-16 13:27:00,2024-01-17 02:08:00
BATCH-00024,Houston,BL-01,PH_ONC_02,Oncology,500,483.0,96.6,Completed,0,17-Jan-2024 03:52,2024-01-18 05:03:00
BATCH-00025,Houston,BL-01,PH_NEU_02,Neurology,1000,980.0,98.0,Released,N,2024-01-18 16:52:00,2024-01-19 18:04:00
BATCH-00026,Dublin,PET-03,PH_IMM_02,Immunology,750,705.4,94.05,Released,N,2024-01-19 16:49:00,2024-01-20 06:26:00
BATCH-00027,Wuxi,PET-02,PH_NEU_02,Neurology,750,721.8,96.24,Released,N,2024-01-20 01:11:00,2024-01-20 18:18:00
BATCH-00027,Wuxi,PET-02,PH_NEU_02,Neurology,750,721.8,96.24,Released,N,2024-01-20 01:11:00,2024-01-20 18:18:00
BATCH-00028,Dublin,PET-01,PH_IMM_02,Immunology,1000,960.1,96.01,Released,N,2024-01-20 21:22:00,2024-01-22 05:34:00
BATCH-00029,Houston,BL-02,PH_CARD_01,Cardiology,750,778.8,103.84,Released,N,2024-01-22 17:24:00,2024-01-23 07:40:00
BATCH-00030,Singapore,BL-03,PH_CARD_01,Cardiology,1250,1204.3,96.34,Completed,N,2024-01-22 21:17:00,2024-01-23 13:12:00
BATCH-00031,Dublin,PET-01,PH_INF_02,Infectious Disease,1500,1412.0,94.13,Released,N,2024-01-23 08:57:00,24-Jan-2024 05:53
BATCH-00032,Singapore,PET-03,PH_GI_01,Others,750,657.0,87.6,Released,Y,24/01/2024 07:05,24/01/2024 20:36
BATCH-00033,Houston,BL-01,PH_ONC_02,Oncology,1250,1204.9,96.39,Released,No,2024-01-25 13:40:00,2024-01-26 11:11:00
BATCH-00034,Houston,PET-02,PH_ONC_02,Oncology,1500,1447.7,96.51,Released,N,2024-01-26 17:10:00,2024-01-27 11:00:00
BATCH-00035,Wuxi,BL-01,PH_ONC_02,Oncology,250,236.2,94.48,Released,0,2024-01-26 21:49:00,2024-01-27 17:52:00
BATCH-00036,Houston,BL-03,PH_CARD_01,Cardiology,250,241.9,96.76,Released,N,2024-01-27 17:14:00,2024-01-28 18:27:00
BATCH-00037,Dublin,BL-02,PH_ONC_02,Oncology,1000,992.1,99.21,Released,N,2024-01-27 20:05:00,2024-01-29 04:14:00
BATCH-00038,Dublin,PET-02,PH_RESP_01,Others,750,721.3,96.17,Completed,N,2024-01-29 17:58:00,2024-01-30 11:58:00
BATCH-00039,Wuxi,BL-01,PH_IMM_02,Immunology,1000,977.6,97.76,Completed,N,2024-01-29 20:39:00,30/01/2024 19:00
BATCH-00040,Singapore,BL-01,PH_ONC_02,Oncology,1000,979.7,97.97,released,N,2024-01-31 03:31:00,31-Jan-2024 14:22
BATCH-00041,Singapore,PET-03,PH_IMM_02,Immunology,1250,1159.1,92.73,Completed,N,31/01/2024 09:45,01/02/2024 16:36
BATCH-00042,Wuxi,BL-01,PH_NEU_02,Neurology,1250,1199.0,95.92,Released,N,2024-01-31 23:57:00,2024-02-01 18:22:00
BATCH-00043,Singapore,PET-01,PH_ONC_01,Oncology,1000,960.9,96.09,Completed,N,2024-02-01 06:36:00,2024-02-02 17:57:00
BATCH-00044,Houston,PET-02,PH_GI_01,Others,1000,955.0,95.5,Released,N,2024-02-01 13:29:00,2024-02-02 18:21:00
BATCH-00045,Houston,PET-03,PH_IMM_01,Immunology,750,709.0,94.53,Released,N,2024-02-01 17:39:00,2024-02-02 22:52:00
BATCH-00046,Singapore,BL-03,PH_IMM_01,Immunology,500,477.2,95.44,Released,N,2024-02-01 22:24:00,2024-02-03 01:15:00
BATCH-00047,Dublin,BL-03,PH_INF_01,Infectious Disease,500,470.7,NA,On Hold,N,02-Feb-2024 02:20,2024-02-02 13:29:00
BATCH-00048,Houston,PET-03,PH_NEU_01,Neurology,1250,1211.4,96.91,Released,N,2024-02-03 09:26:00,2024-02-04 16:45:00
BATCH-00049,Singapore,bl-01,PH_CARD_02,Cardiology,1500,1458.1,97.21%,Released,N,2024-02-06 05:18:00,2024-02-07 02:29:00
BATCH-00050,Dublin,PET-03,PH_NEU_02,Neurology,500,488.4,97.68,Released,N,2024-02-06 08:51:00,2024-02-07 12:05:00
BATCH-00051,Houston,PET-02,PH_NEU_01,Neurology,1250,1200.9,96.07,Completed,N,2024-02-06 15:40:00,2024-02-07 20:47:00
BATCH-00052,Dublin,BL-03,PH_INF_02,Infectious Disease,1250,1191.5,95.32,Released,N,2024-02-08 09:35:00,2024-02-08 18:36:00
BATCH-00053,Houston,BL-02,PH_CARD_02,Cardiology,750,736.6,98.21,Completed,N,2024-02-13 14:47:00,2024-02-15 00:34:00
BATCH-00054,Singapore,BL-02,PH_GI_01,Others,1250,1203.1,96.25,Released,N,13/02/2024 23:51,2024-02-14 07:54:00
BATCH-00055,Singapore ,BL-03,PH_IMM_02,Immunology,1500,1454.1,96.94,Released,N,2024-02-14 18:02:00,2024-02-16 01:12:00
BATCH-00056,Wuxi,PET-02,PH_GI_01,Others,1000,979.5,97.95,Released,FALSE,2024-02-14 18:04:00,2024-02-15 16:48:00
BATCH-00057,Singapore,PET-02,PH_CARD_02,Cardiology,750,714.4,95.25,Completed,N,2024-02-15 16:08:00,2024-02-16 10:36:00
BATCH-00058,Wuxi,PET-01,PH_INF_02,Infectious Disease,500,483.4,96.68,Released,N,16/02/2024 01:23,2024-02-17 07:35:00
BATCH-00059,Houston,PET-02,PH_RESP_01,Others,1000,979.3,97.93,Released,N,2024-02-16 03:33:00,2024-02-17 05:37:00
BATCH-00059,Houston,PET-02,PH_RESP_01,Others,1000,979.3,97.93,Released,N,2024-02-16 03:33:00,2024-02-17 05:37:00
BATCH-00060,Singapore,PET-01,PH_ONC_01,Oncology,1250,1208.9,96.71,Released,N,2024-02-16 03:46:00,2024-02-17 10:35:00
BATCH-00061,Wuxi,PET-03,PH_IMM_02,Immunology,500,445.6,89.12,On Hold,1,2024-02-16 06:39:00,2024-02-17 08:53:00
BATCH-00062,Wuxi,BL-01,PH_CARD_01,Cardiology,1500,1470.8,98.05,Completed,N,2024-02-16 13:16:00,17/02/2024 15:19
BATCH-00063,Wuxi,PET-02,PH_ONC_02,Oncology,250,238.4,95.36,Completed,N,16/02/2024 16:19,2024-02-17 13:55:00
BATCH-00064,Houston,PET-02,PH_ONC_01,Oncology,250,265.7,106.28,RELEASED,N,2024-02-17 10:23:00,2024-02-18 13:33:00
BATCH-00065,Dublin,BL-02,PH_ONC_01,Oncology,1500,1453.3,96.89,Completed,N,2024-02-17 21:34:00,18/02/2024 23:14
BATCH-00066,Wuxi,PET-02,PH_INF_02,Infectious Disease,1500,1428.0,95.2,Completed,N,2024-02-17 23:07:00,2024-02-18 18:11:00
BATCH-00067,Wuxi,BL-02,PH_RESP_01,Others,1000,963.8,96.38,Released,N,2024-02-18 13:43:00,2024-02-19 19:07:00
BATCH-00068,Singapore,BL-02,PH_ONC_02,Oncology,500,478.3,95.66,On Hold,N,2024-02-18 19:13:00,2024-02-19 16:35:00
BATCH-00069,Singapore,PET-03,PH_INF_02,Infectious Disease,1250,1200.0,96.0,released,N,2024-02-19 01:18:00,2024-02-20 08:34:00
BATCH-00070,Houston,PET-01,PH_ONC_02,Oncology,1000,974.7,97.47,Released,N,2024-02-19 08:25:00,2024-02-20 11:15:00
BATCH-00071,Houston ,PET-03,PH_NEU_02,Neurology,1250,1213.9,97.11,Released,FALSE,2024-02-19 12:10:00,2024-02-20 22:02:00
BATCH-00072,Wuxi,PET-02,PH_GI_01,Others,1500,1440.1,NA,Released,N,2024-02-20 08:26:00,2024-02-21 17:23:00
BATCH-00073,Houston,BL-02,PH_GI_01,Others,1000,961.8,96.18,Completed,N,2024-02-20 11:30:00,2024-02-21 22:18:00
BATCH-00074,Wuxi,BL-01,PH_GI_01,Others,1250,1205.9,96.47,Released,N,2024-02-21 05:36:00,2024-02-21 23:45:00
BATCH-00075,Houston,PET-01,PH_INF_01,Infectious Disease,750,724.0,96.53,Released,N,2024-02-21 08:03:00,2024-02-22 13:03:00
BATCH-00076,Wuxi,BL-03,PH_CARD_02,Cardiology,500,480.7,96.14,Released,N,2024-02-21 17:42:00,2024-02-23 04:56:00
BATCH-00077,houston,BL-02,PH_ONC_02,Oncology,1500,1440.6,96.04,Completed,N,2024-02-22 21:11:00,2024-02-24 04:46:00
BATCH-00078,Singapore,PET-03,PH_ONC_02,Oncology,500,493.8,98.76,Released,N,2024-02-22 22:44:00,2024-02-23 12:28:00
BATCH-00079,Wuxi,PET-02,PH_ONC_01,Oncology,500,481.8,96.36,Released,N,2024-02-23 02:29:00,2024-02-24 01:04:00
BATCH-00080,Singapore,PET-03,PH_ONC_01,Oncology,1000,966.4,96.64,Released,N,2024-02-23 05:52:00,2024-02-23 21:00:00
BATCH-00081,Wuxi,PET-03,PH_INF_01,Infectious Disease,1000,944.8,94.48,Released,N,2024-02-24 06:58:00,2024-02-25 06:31:00
BATCH-00082,Dublin,BL-01,PH_ONC_01,Oncology,250,238.9,95.56,Released,N,2024-02-26 08:17:00,2024-02-27 15:56:00
BATCH-00083,Singapore,PET-01,PH_IMM_01,Immunology,250,247.4,98.96,Released,N,2024-02-26 09:49:00,2024-02-27 17:34:00
BATCH-00084,Singapore,PET-02,PH_NEU_02,Neurology,1500,1485.8,99.05,Released,N,2024-02-27 09:16:00,2024-02-27 21:47:00
BATCH-00085,Wuxi,BL-03,PH_NEU_02,Neurology,1500,1443.1,96.21,Released,N,2024-03-01 23:31:00,2024-03-03 01:29:00
BATCH-00086,Wuxi,BL-01,PH_IMM_01,Immunology,500,472.2,94.44%,Released,N,02-Mar-2024 15:39,03/03/2024 13:31
BATCH-00087,Wuxi,BL-02,PH_ONC_01,Oncology,1250,1221.9,97.75,Released,no,2024-03-03 16:26:00,2024-03-04 09:36:00
BATCH-00088,Wuxi ,BL-03,PH_ONC_01,Oncology,500,476.7,95.34,Released,N,2024-03-03 23:37:00,2024-03-05 01:32:00
BATCH-00089,Wuxi,PET-03,PH_IMM_02,Immunology,500,491.2,98.24,Released,N,2024-03-05 12:15:00,2024-03-06 15:57:00
BATCH-00090,Houston,BL-01,PH_IMM_01,Immunology,1250,1203.5,96.28,Completed,N,2024-03-05 16:38:00,2024-03-06 05:06:00
BATCH-00091,Wuxi,PET-03,PH_NEU_02,Neurology,750,718.6,95.81,Released,N,2024-03-06 11:29:00,2024-03-07 18:31:00
BATCH-00092,Houston,BL-02,PH_ONC_01,Oncology,1000,962.1,96.21,Released,N,2024-03-06 16:59:00,2024-03-07 12:48:00
BATCH-00093,Singapore,PET-01,PH_RESP_01,Others,750,668.3,89.11,Released,Y,2024-03-06 20:28:00,2024-03-08 00:27:00
BATCH-00094,Wuxi,BL-03,PH_GI_01,Others,1000,960.6,96.06,Released,0,2024-03-07 17:20:00,2024-03-08 09:34:00
BATCH-00095,Wuxi,bl-01,PH_IMM_01,Immunology,1250,1188.1,95.05,Completed,No,08/03/2024 03:25,2024-03-09 07:06:00
BATCH-00096,Dublin,PET-01,PH_INF_02,Infectious Disease,1250,1183.6,94.69,Released,N,2024-03-08 19:41:00,2024-03-09 05:29:00
BATCH-00097,Wuxi,PET-02,PH_ONC_01,Oncology,1500,1444.4,96.29,Released,N,2024-03-09 11:42:00,2024-03-10 20:58:00
BATCH-00098,singapore,PET-02,PH_CARD_02,Cardiology,500,480.4,96.08,Released,N,2024-03-10 09:46:00,2024-03-11 09:45:00
BATCH-00099,Singapore,BL-01,PH_NEU_02,Neurology,500,482.9,96.58,Released,N,2024-03-10 18:54:00,2024-03-12 03:19:00
BATCH-00100,Singapore,PET-01,PH_IMM_02,Immunology,750,660.7,88.09,On Hold,Y,2024-03-11 08:26:00,2024-03-11 20:57:00
BATCH-00101,Singapore,PET-02,PH_CARD_01,Cardiology,250,241.2,96.48,Released,N,12/03/2024 01:36,2024-03-12 18:17:00
BATCH-00102,Houston,PET-02,PH_INF_01,Infectious Disease,1500,1439.6,95.97,Released,N,2024-03-12 13:09:00,2024-03-13 17:52:00
BATCH-00103,Dublin,BL-01,PH_GI_01,Others,750,735.6,98.08,Released,N,2024-03-13 01:27:00,2024-03-13 12:27:00
BATCH-00104,Houston,PET-03,PH_CARD_01,Cardiology,750,776.3,103.51,RELEASED,N,2024-03-13 07:06:00,2024-03-14 13:52:00
BATCH-00105,Singapore,BL-03,PH_INF_01,Infectious Disease,250,243.0,,Released,N,2024-03-13 21:46:00,2024-03-14 16:54:00
BATCH-00106,Dublin,BL-02,PH_RESP_01,Others,1500,1451.5,96.77,Released,N,2024-03-14 02:20:00,2024-03-14 19:06:00
BATCH-00107,Wuxi,BL-03,PH_CARD_01,Cardiology,750,715.6,95.41,Completed,N,14/03/2024 08:21,2024-03-14 22:01:00
BATCH-00108,Singapore,PET-03,PH_IMM_01,Immunology,250,236.4,94.56,Released,N,2024-03-15 01:58:00,2024-03-15 10:43:00
BATCH-00109,Wuxi,BL-02,PH_INF_01,Infectious Disease,1500,1460.2,97.35%,Released,N,2024-03-15 02:19:00,2024-03-16 08:53:00
BATCH-00110,Dublin,BL-02,PH_IMM_01,Immunology,1000,964.5,96.45,Completed,0,2024-03-15 22:42:00,2024-03-17 08:13:00
BATCH-00111,Singapore,BL-02,PH_RESP_01,Others,750,738.5,98.47,Released,N,2024-03-16 09:06:00,2024-03-17 08:02:00
BATCH-00112,Houston,PET-03,PH_ONC_01,Oncology,1000,959.5,95.95,Released,N,2024-03-16 21:57:00,2024-03-18 01:50:00
BATCH-00113,Dublin,PET-03,PH_INF_02,Infectious Disease,750,730.6,,Released,0,2024-03-17 03:36:00,2024-03-18 10:24:00
BATCH-00114,Wuxi,BL-02,PH_RESP_01,Others,250,238.0,95.2,Released,N,2024-03-17 20:42:00,2024-03-17 19:28:48
BATCH-00115,Singapore,BL-02,PH_ONC_01,Oncology,1000,959.9,95.99,Released,N,2024-03-18 09:54:00,2024-03-19 07:54:00
BATCH-00116,Singapore,BL-01,PH_IMM_02,Immunology,1000,955.2,95.52,Released,N,18/03/2024 19:38,19-Mar-2024 15:47
BATCH-00117,Dublin,BL-01,PH_IMM_01,Immunology,500,461.9,92.38,On Hold,Y,2024-03-18 20:02:00,2024-03-19 10:36:00
BATCH-00118,Houston,bl-01,PH_ONC_01,Oncology,750,724.0,96.53,Released,N,19/03/2024 13:58,20/03/2024 03:32
BATCH-00119,Dublin,BL-02,PH_ONC_01,Oncology,1500,1436.2,95.75,Released,N,2024-03-19 19:04:00,2024-03-20 22:26:00
BATCH-00120,Dublin,PET-01,PH_ONC_02,Oncology,750,723.7,96.49,Released,N,2024-03-20 01:16:00,2024-03-21 02:45:00
BATCH-00121,Wuxi,BL-01,PH_RESP_01,Others,250,219.9,87.96,On Hold,Y,2024-03-20 04:10:00,2024-03-21 10:53:00
BATCH-00122,Houston,BL-03,PH_ONC_01,Oncology,500,474.1,94.82,Completed,No,2024-03-20 08:30:00,2024-03-21 17:19:00
BATCH-00123,Dublin,PET-01,PH_GI_01,Others,500,482.1,96.42,Released,N,20/03/2024 22:24,2024-03-21 09:26:00
BATCH-00124,dublin,PET-02,PH_NEU_01,Neurology,500,478.1,95.62,Released,No,2024-03-22 12:51:00,2024-03-24 00:17:00
BATCH-00125,Wuxi,BL-01,PH_NEU_02,Neurology,750,717.2,95.63,Completed,N,2024-03-22 21:44:00,2024-03-24 04:58:00
BATCH-00126,Singapore,BL-01,PH_NEU_01,Neurology,1250,1216.7,97.34,Released,N,2024-03-23 06:05:00,2024-03-24 07:11:00
BATCH-00127,Wuxi,pet-03,PH_INF_01,Infectious Disease,1000,965.9,96.59,Completed,N,2024-03-23 21:54:00,2024-03-24 06:53:00
BATCH-00127,Wuxi,pet-03,PH_INF_01,Infectious Disease,1000,965.9,96.59,Completed,N,2024-03-23 21:54:00,2024-03-24 06:53:00
BATCH-00128,Wuxi,BL-01,PH_NEU_01,Neurology,1500,1464.3,97.62,Released,N,2024-03-24 12:25:00,2024-03-25 18:29:00
BATCH-00128,Wuxi,BL-01,PH_NEU_01,Neurology,1500,1464.3,97.62,Released,N,2024-03-24 12:25:00,2024-03-25 18:29:00
BATCH-00129,Dublin,BL-03,PH_ONC_02,Oncology,250,240.4,96.16,RELEASED,N,24/03/2024 18:24,2024-03-25 09:30:00
BATCH-00130, Singapore,PET-02,PH_RESP_01,Others,1250,1206.6,96.53,Released,N,2024-03-25 21:32:00,2024-03-27 06:09:00
BATCH-00131,Houston,PET-01,PH_INF_02,Infectious Disease,1000,956.4,95.64%,Released,N,2024-03-27 02:11:00,2024-03-28 05:29:00
BATCH-00132,Wuxi,PET-02,PH_CARD_02,Cardiology,1500,1453.7,96.91,Released,N,2024-03-27 19:43:00,28/03/2024 15:35
BATCH-00133,Singapore,PET-03,PH_CARD_01,Cardiology,1500,1446.1,96.41,Completed,N,28-Mar-2024 14:02,2024-03-28 22:38:00
BATCH-00134,Singapore,BL-01,PH_CARD_01,Cardiology,500,480.1,96.02%,Released,N,29-Mar-2024 10:55,2024-03-30 11:42:00
BATCH-00135,Singapore,PET-02,PH_RESP_01,Others,500,488.5,97.7,Released,N,2024-03-29 15:22:00,2024-03-30 19:32:00
BATCH-00136,Dublin,PET-03,PH_CARD_02,Cardiology,1500,1416.1,94.41,Released,N,2024-03-30 00:20:00,2024-03-31 09:30:00
BATCH-00137,Wuxi,BL-01,PH_NEU_02,Neurology,750,713.3,95.11,Completed,N,2024-03-30 08:15:00,2024-03-30 17:57:00
BATCH-00138,Singapore,PET-03,PH_ONC_01,Oncology,1000,949.0,94.9,Released,N,2024-03-30 14:25:00,2024-03-31 15:55:00
BATCH-00139,Singapore,BL-03,PH_CARD_01,Cardiology,1500,1447.7,96.51,Released,N,2024-03-30 19:29:00,2024-03-31 06:52:00
BATCH-00140,Dublin,BL-02,PH_INF_01,Infectious Disease,250,240.9,96.36,Released,N,2024-03-31 10:39:00,2024-04-01 18:37:00
BATCH-00141,Singapore,BL-03,PH_NEU_01,Neurology,250,241.9,96.76,Released,N,2024-04-01 05:40:00,2024-04-01 18:24:00
BATCH-00142,Singapore,PET-01,PH_ONC_02,Oncology,500,481.7,96.34,Completed,N,2024-04-01 08:25:00,2024-04-02 07:00:00
BATCH-00143,Houston,PET-02,PH_RESP_01,Others,1250,1206.7,96.54,Released,N,2024-04-03 22:42:00,2024-04-05 02:07:00
BATCH-00144,Wuxi,PET-03,PH_ONC_01,Oncology,250,245.7,98.28,Completed,N,2024-04-04 04:51:00,2024-04-04 17:08:00
BATCH-00145,Dublin,PET-03,PH_NEU_01,Neurology,1000,963.0,96.3,Completed,N,04-Apr-2024 15:06,2024-04-05 22:09:00
BATCH-00146,Singapore,PET-01,PH_INF_01,Infectious Disease,500,461.7,,Released,Y,2024-04-05 07:37:00,2024-04-05 20:58:00
BATCH-00147,Singapore,BL-03,PH_GI_01,Others,1000,955.8,95.58%,Released,N,2024-04-05 21:25:00,2024-04-06 16:35:00
BATCH-00148,Dublin,BL-01,PH_ONC_02,Oncology,250,247.9,99.16,Completed,N,2024-04-06 04:42:00,2024-04-06 13:10:00
BATCH-00149,Singapore,BL-03,PH_IMM_01,Immunology,1000,951.4,95.14,Released,N,2024-04-07 06:55:00,2024-04-07 22:34:00
BATCH-00150,Wuxi,PET-01,PH_NEU_02,Neurology,500,482.8,96.56,Released,N,2024-04-07 09:33:00,08/04/2024 12:00
BATCH-00151,Houston,PET-02,PH_IMM_02,Immunology,500,478.1,95.62,Released,N,2024-04-07 17:01:00,2024-04-08 22:37:00
BATCH-00152,Dublin,PET-02,PH_IMM_02,Immunology,1250,1180.2,94.42,Released,N,08/04/2024 18:09,2024-04-09 21:29:00
BATCH-00153,Singapore,PET-01,PH_IMM_01,Immunology,1000,956.9,95.69,Completed,N,2024-04-09 02:35:00,2024-04-10 00:37:00
BATCH-00154,Wuxi,BL-01,PH_INF_02,Infectious Disease,1250,1186.4,94.91,Released,N,2024-04-09 05:28:00,2024-04-10 04:02:00
BATCH-00155,,BL-01,PH_IMM_02,Immunology,1000,953.8,95.38,Completed,N,2024-04-09 12:38:00,10-Apr-2024 00:44
BATCH-00156,Singapore,BL-02,PH_ONC_02,Oncology,250,241.8,96.72%,Released,N,2024-04-09 17:50:00,2024-04-10 22:49:00
BATCH-00157,Wuxi,PET-01,PH_CARD_02,Cardiology,1000,974.9,97.49,Released,N,2024-04-10 02:30:00,2024-04-10 17:41:00
BATCH-00158,Houston,BL-02,PH_NEU_02,Neurology,1250,1209.9,96.79,Released,N,2024-04-10 21:37:00,2024-04-11 20:37:00
BATCH-00159,Wuxi,PET-01,PH_GI_01,Others,1250,1223.4,97.87,Released,N,2024-04-11 10:27:00,2024-04-12 02:48:00
BATCH-00160,Singapore,BL-02,PH_INF_01,Infectious Disease,250,242.9,97.16,Released,N,2024-04-11 13:32:00,2024-04-12 16:59:00
BATCH-00161,Dublin,BL-02,PH_GI_01,Others,500,472.9,94.58,Released,N,11-Apr-2024 15:14,2024-04-12 02:01:00
BATCH-00162,Houston,PET-01,PH_INF_01,Infectious Disease,250,243.2,97.28,Released,N,2024-04-13 00:32:00,2024-04-13 19:11:00
BATCH-00163,Wuxi,PET-01,PH_NEU_01,Neurology,500,482.7,96.54,Completed,N,2024-04-13 02:28:00,2024-04-13 12:11:00
BATCH-00164,Houston,PET-01,PH_RESP_01,Others,250,224.1,89.64,Released,Y,2024-04-13 21:32:00,14-Apr-2024 11:35
BATCH-00165,Wuxi,BL-01,PH_NEU_01,Neurology,750,726.6,,Released,N,2024-04-15 00:18:00,2024-04-15 16:37:00
BATCH-00166,Houston,BL-01,PH_INF_02,Infectious Disease,750,719.2,95.89,Released,N,2024-04-16 08:58:00,2024-04-17 10:45:00
BATCH-00167,Houston,PET-03,PH_IMM_01,Immunology,1250,1191.9,95.35,Released,0,2024-04-16 10:34:00,2024-04-16 21:57:00
BATCH-00168,Dublin,PET-01,PH_GI_01,Others,250,240.9,96.36,Released,N,2024-04-16 18:48:00,2024-04-18 04:14:00
BATCH-00169,Houston,PET-02,PH_CARD_02,Cardiology,1500,1459.4,97.29,Completed,N,2024-04-17 06:13:00,2024-04-18 03:25:00
BATCH-00170,Dublin,BL-03,PH_ONC_01,Oncology,750,724.4,96.59,On Hold,N,2024-04-18 18:14:00,2024-04-20 01:47:00
BATCH-00171,Dublin,PET-01,PH_IMM_01,Immunology,1500,,97.11,Released,N,2024-04-21 05:01:00,2024-04-22 13:55:00
BATCH-00172,Dublin,PET-02,PH_RESP_01,Others,250,242.6,97.04,Completed,N,2024-04-22 03:54:00,22/04/2024 22:07
BATCH-00173, Dublin,PET-03,PH_IMM_01,Immunology,250,237.4,94.96,Released,N,2024-04-22 06:31:00,2024-04-22 01:33:44
BATCH-00174,Singapore,PET-01,PH_NEU_01,Neurology,750,717.6,95.68,Released,N,2024-04-22 13:19:00,2024-04-23 05:52:00
BATCH-00175,Wuxi,PET-01,PH_NEU_01,Neurology,1000,940.4,94.04,Completed,N,2024-04-22 13:45:00,23/04/2024 00:12
BATCH-00176,Dublin,bl-03,PH_IMM_02,Immunology,1500,1439.8,,Released,N,2024-04-22 22:50:00,2024-04-24 09:00:00
BATCH-00177,Wuxi,BL-01,PH_RESP_01,Others,500,475.3,95.06,On Hold,0,2024-04-23 02:49:00,2024-04-24 07:32:00
BATCH-00178,Houston,BL-02,PH_IMM_01,Immunology,750,727.2,96.96,Released,N,2024-04-23 10:11:00,2024-04-24 15:55:00
BATCH-00179,Houston,BL-03,PH_RESP_01,Others,500,488.3,97.66,Released,N,2024-04-26 20:23:00,28/04/2024 01:26
BATCH-00180,Dublin,PET-03,PH_IMM_01,Immunology,500,478.4,95.68,Released,no,2024-04-26 20:57:00,27-Apr-2024 10:49
BATCH-00181,Dublin,BL-03,PH_GI_01,Others,750,720.5,96.07,Completed,N,2024-04-27 02:48:00,2024-04-28 10:43:00
BATCH-00182,Houston,BL-01,PH_CARD_02,Cardiology,1500,1457.4,97.16,Released,N,2024-04-28 00:38:00,29-Apr-2024 04:26
BATCH-00183,Houston ,BL-01,PH_ONC_01,Oncology,500,477.5,95.5%,Released,N,2024-04-28 06:55:00,29/04/2024 06:20
BATCH-00184,Wuxi,PET-01,PH_IMM_01,Immunology,1500,1461.2,97.41,Completed,N,2024-04-28 09:32:00,2024-04-29 20:55:00
BATCH-00185,Singapore,PET-03,PH_NEU_01,Neurology,250,224.0,89.6,On Hold,Y,2024-04-29 20:19:00,2024-05-01 05:21:00
BATCH-00186,HOUSTON,PET-03,PH_ONC_02,Oncology,1000,956.5,95.65,Released,N,2024-04-30 19:00:00,01-May-2024 21:37
BATCH-00187,Wuxi,BL-03,PH_NEU_02,Neurology,500,483.2,96.64,Released,N,2024-05-01 02:32:00,2024-05-02 12:55:00
BATCH-00188,Dublin,BL-03,PH_ONC_01,Oncology,250,235.2,94.08,Released,N,2024-05-01 13:49:00,2024-05-02 07:20:00
BATCH-00189,Houston,BL-01,PH_ONC_01,Oncology,1250,1227.5,98.2,Released,N,2024-05-02 04:34:00,2024-05-02 16:52:00
BATCH-00190,Houston,BL-03,PH_NEU_01,Neurology,1000,957.7,95.77,Released,N,2024-05-03 02:33:00,2024-05-04 00:18:00
BATCH-00191,Houston,BL-01,PH_INF_01,Infectious Disease,1000,963.2,96.32,Released,N,2024-05-03 20:36:00,2024-05-04 14:04:00
BATCH-00192,Dublin,BL-01,PH_INF_01,Infectious Disease,500,481.6,96.32,RELEASED,No,2024-05-04 01:13:00,2024-05-04 17:03:00
BATCH-00193,Dublin,BL-02,PH_CARD_02,Cardiology,1000,963.9,96.39,Completed,N,2024-05-04 12:52:00,2024-05-05 11:06:00
BATCH-00194,Houston,BL-02,PH_ONC_02,Oncology,1000,,95.98,Completed,N,2024-05-05 10:48:00,06/05/2024 04:51
BATCH-00195,Singapore,PET-03,,Immunology,250,237.1,94.84,Released,N,2024-05-05 13:25:00,2024-05-06 04:43:00
BATCH-00196,Wuxi,BL-02,PH_IMM_02,Immunology,1000,970.1,97.01,Released,N,06-May-2024 12:08,2024-05-07 22:57:00
BATCH-00197,HOUSTON,PET-01,PH_CARD_01,Cardiology,250,242.1,96.84,Released,N,2024-05-06 13:41:00,2024-05-07 03:27:00
BATCH-00197,HOUSTON,PET-01,PH_CARD_01,Cardiology,250,242.1,96.84,Released,N,2024-05-06 13:41:00,2024-05-07 03:27:00
BATCH-00198,Wuxi,PET-03,PH_CARD_02,Cardiology,500,481.1,96.22,Completed,no,2024-05-09 00:52:00,2024-05-10 10:30:00
BATCH-00199,Wuxi,PET-01,PH_CARD_02,Cardiology,500,477.8,95.56,Released,FALSE,2024-05-09 18:40:00,10-May-2024 09:27
BATCH-00200,Wuxi,BL-02,PH_NEU_01,Neurology,1000,955.7,95.57,Released,N,2024-05-10 10:36:00,2024-05-11 09:53:00
BATCH-00201,Dublin,PET-01,PH_IMM_01,Immunology,250,239.0,95.6,Released,N,2024-05-11 19:15:00,2024-05-12 18:22:00
BATCH-00202,Singapore,PET-03,PH_IMM_01,Immunology,1000,963.4,96.34,On Hold,,2024-05-12 04:52:00,2024-05-13 14:45:00
BATCH-00203,Dublin,BL-03,PH_ONC_02,Oncology,1500,1448.1,96.54,Completed,N,2024-05-13 04:06:00,14-May-2024 09:26
BATCH-00204,Houston,PET-02,PH_IMM_01,Immunology,250,244.3,97.72,Released,N,2024-05-14 04:20:00,2024-05-15 16:02:00
BATCH-00205,Wuxi,BL-03,PH_CARD_02,Cardiology,750,740.6,98.75,Released,N,2024-05-14 18:58:00,2024-05-15 07:48:00
BATCH-00206,Houston,PET-02,PH_IMM_01,Immunology,250,249.5,99.8,Released,N,2024-05-15 15:34:00,2024-05-16 05:52:00
BATCH-00207, Singapore,PET-03,PH_NEU_02,Neurology,500,472.1,94.42,RELEASED,N,2024-05-15 19:15:00,2024-05-17 05:07:00
BATCH-00208, Houston,PET-01,PH_CARD_02,Cardiology,500,485.3,97.06%,Released,no,2024-05-16 02:59:00,2024-05-17 12:44:00
BATCH-00209,Dublin,PET-01,PH_CARD_02,Cardiology,500,491.8,98.36,Released,N,2024-05-16 23:52:00,2024-05-17 12:08:00
BATCH-00210,Houston,PET-01,PH_GI_01,Others,750,,96.19,released,N,2024-05-17 13:23:00,2024-05-18 04:29:00
BATCH-00211,Dublin,PET-01,PH_IMM_01,Immunology,1000,975.0,97.5,Released,N,2024-05-17 14:40:00,2024-05-18 05:17:00
BATCH-00212,Singapore,PET-01,PH_INF_02,Infectious Disease,250,237.2,94.88,Released,N,2024-05-18 00:16:00,2024-05-19 01:09:00
BATCH-00213,Singapore,BL-03,PH_NEU_01,Neurology,500,485.6,97.12,Released,N,19/05/2024 02:04,2024-05-19 20:24:00
BATCH-00214,Singapore,BL-01,PH_ONC_02,Oncology,250,235.3,94.12,Completed,Y,21/05/2024 10:09,2024-05-22 04:35:00
BATCH-00215,Dublin,BL-03,PH_CARD_02,Cardiology,1500,1483.4,98.89,Completed,N,2024-05-21 14:27:00,2024-05-22 23:43:00
BATCH-00216, Dublin,PET-02,PH_NEU_02,Neurology,500,476.3,95.26,Completed,N,2024-05-21 22:30:00,2024-05-22 07:12:00
BATCH-00217,singapore,PET-03,PH_CARD_02,Cardiology,500,,98.68,Released,FALSE,2024-05-22 03:19:00,2024-05-23 15:16:00
BATCH-00218,Houston,BL-02,PH_GI_01,Others,1000,971.2,97.12,RELEASED,N,2024-05-22 17:06:00,2024-05-23 14:30:00
BATCH-00219,Dublin,BL-01,PH_IMM_02,Immunology,1000,885.8,88.58,Rejected,Y,2024-05-25 19:00:00,2024-05-26 15:57:00
BATCH-00220,Houston,PET-02,PH_INF_01,Infectious Disease,1000,953.2,95.32,On Hold,N,26/05/2024 07:08,2024-05-27 14:29:00
BATCH-00221,Houston ,pet-03,PH_ONC_01,Oncology,1250,1211.8,96.94,Released,N,2024-05-27 14:00:00,2024-05-28 15:12:00
BATCH-00222,Dublin,BL-02,PH_NEU_01,Neurology,1250,1239.4,99.15,Released,FALSE,2024-05-28 01:44:00,2024-05-29 03:05:00
BATCH-00223,Dublin,PET-03,PH_GI_01,Others,750,742.1,98.95,released,N,2024-05-28 06:45:00,2024-05-29 16:09:00
BATCH-00224,Wuxi,BL-02,PH_NEU_01,Neurology,750,707.4,94.32,Released,N,2024-05-28 07:14:00,29/05/2024 08:34
BATCH-00225,Houston,BL-02,PH_NEU_01,Neurology,1500,1450.3,96.69,Released,N,2024-05-28 13:49:00,29/05/2024 01:24
BATCH-00226,Wuxi,BL-01,PH_IMM_02,Immunology,1250,1223.9,97.91,Released,N,2024-05-28 14:28:00,2024-05-29 05:28:00
BATCH-00227,Houston,PET-03,PH_NEU_01,Neurology,1250,1171.0,93.68,On Hold,Y,2024-05-30 06:25:00,2024-05-31 06:02:00
BATCH-00228,Dublin,PET-01,PH_IMM_02,Immunology,500,480.8,96.16,Completed,N,2024-06-01 00:59:00,02-Jun-2024 00:24
BATCH-00229,Dublin,BL-03,PH_NEU_01,Neurology,500,478.4,95.68,Completed,N,2024-06-01 09:34:00,2024-06-02 07:49:00
BATCH-00230,Dublin,BL-01,PH_ONC_02,Oncology,1500,1477.0,98.47,Released,N,2024-06-02 11:01:00,2024-06-02 20:34:00
BATCH-00231,,PET-03,PH_NEU_02,Neurology,250,226.8,90.72,On Hold,1,2024-06-02 16:05:00,2024-06-03 01:36:00
BATCH-00232,Dublin,BL-03,PH_ONC_02,Oncology,500,492.2,98.44%,Completed,N,03/06/2024 07:35,2024-06-04 02:18:00
BATCH-00233,Wuxi,BL-02,PH_CARD_01,Cardiology,250,242.3,96.92,Completed,N,2024-06-03 11:27:00,04-Jun-2024 19:15
BATCH-00234,Singapore,PET-02,PH_NEU_01,Neurology,250,243.9,97.56,Released,,2024-06-03 19:32:00,04/06/2024 10:48
BATCH-00235,Dublin,BL-01,PH_ONC_02,Oncology,500,481.8,96.36,Released,N,2024-06-04 13:06:00,2024-06-05 03:09:00
BATCH-00236,Wuxi,BL-01,PH_IMM_01,Immunology,750,724.9,96.65,Released,N,2024-06-07 05:04:00,2024-06-08 03:29:00
BATCH-00237,Wuxi,bl-02,PH_IMM_01,Immunology,250,243.5,97.4%,Released,,2024-06-07 14:06:00,2024-06-08 19:32:00
BATCH-00238,Houston,BL-02,PH_CARD_01,Cardiology,750,740.6,98.75,Released,N,2024-06-09 12:23:00,2024-06-10 05:00:00
BATCH-00239,Wuxi,PET-03,PH_CARD_01,Cardiology,750,725.6,96.75,Released,N,2024-06-09 21:44:00,2024-06-11 04:37:00
BATCH-00240,Singapore,BL-03,PH_CARD_02,Cardiology,750,729.3,97.24,Released,No,12/06/2024 23:56,2024-06-13 10:49:00
BATCH-00241,Wuxi,BL-02,PH_IMM_02,Immunology,250,241.9,96.76,Completed,N,13/06/2024 02:17,2024-06-13 16:34:00
BATCH-00242,Houston,PET-03,PH_ONC_02,Oncology,500,485.1,97.02,Released,N,2024-06-14 16:00:00,2024-06-16 00:09:00
BATCH-00243,Dublin,PET-02,PH_NEU_02,Neurology,1500,1484.5,98.97,Released,N,2024-06-15 03:05:00,16/06/2024 06:54
BATCH-00244,Dublin,PET-03,PH_ONC_01,Oncology,750,724.1,96.55,Released,no,2024-06-17 14:57:00,2024-06-18 06:19:00
BATCH-00245,Dublin,PET-01,PH_GI_01,Others,750,721.0,96.13,Completed,N,2024-06-18 09:06:00,2024-06-19 09:41:00
BATCH-00246,Dublin,BL-01,PH_ONC_01,Oncology,500,478.4,95.68,Completed,FALSE,2024-06-18 16:08:00,2024-06-19 08:33:00
BATCH-00247,Wuxi,BL-01,PH_CARD_02,Cardiology,750,715.9,95.45,Released,N,2024-06-19 03:40:00,2024-06-20 12:10:00
BATCH-00248,Singapore,PET-03,PH_GI_01,Others,250,241.4,96.56,released,N,2024-06-22 01:50:00,2024-06-22 10:45:00
BATCH-00249,Dublin ,PET-02,PH_ONC_02,Oncology,1250,1179.0,94.32,Completed,N,2024-06-24 14:42:00,2024-06-25 09:58:00
BATCH-00250,Singapore ,PET-01,PH_IMM_01,Immunology,1500,1458.7,97.25,Released,N,2024-06-24 16:02:00,2024-06-26 02:00:00
BATCH-00251,Singapore,BL-03,PH_NEU_02,Neurology,250,247.8,99.12,Released,N,2024-06-24 20:20:00,2024-06-25 08:13:00
BATCH-00252,Wuxi,PET-02,PH_INF_01,Infectious Disease,750,727.7,97.03,Released,N,2024-06-25 02:30:00,2024-06-26 10:17:00
BATCH-00253,Houston,PET-02,PH_CARD_01,Cardiology,1000,,,Released,N,2024-06-25 03:58:00,2024-06-26 15:44:00
BATCH-00254,Singapore,bl-03,PH_NEU_01,Neurology,500,481.6,96.32,Released,N,2024-06-25 14:16:00,2024-06-26 09:44:00
BATCH-00255,Singapore,PET-02,PH_IMM_02,Immunology,1500,1391.7,92.78,Released,Y,2024-06-25 15:11:00,2024-06-26 18:50:00
BATCH-00256,Wuxi,BL-03,PH_RESP_01,Others,750,733.3,97.77,Released,N,2024-06-26 03:01:00,2024-06-26 13:59:00
BATCH-00257,Wuxi,PET-03,PH_ONC_01,Oncology,250,239.6,,released,N,2024-06-26 13:23:00,2024-06-26 23:29:00
BATCH-00258,Dublin,PET-02,PH_IMM_01,Immunology,1000,993.4,99.34,Released,N,2024-06-27 18:51:00,2024-06-28 16:18:00
BATCH-00259,Wuxi,PET-03,PH_NEU_02,Neurology,750,719.9,95.99,Released,N,2024-06-28 11:41:00,2024-06-29 22:03:00
BATCH-00260,Dublin,BL-03,PH_IMM_01,Immunology,1250,1209.5,96.76,Released,N,2024-06-29 22:36:00,2024-06-30 12:04:00
BATCH-00261,Houston,pet-01,PH_RESP_01,Others,1250,1212.5,97.0,RELEASED,N,2024-07-01 11:21:00,01/07/2024 23:09
BATCH-00262,Singapore,BL-03,PH_NEU_01,Neurology,750,739.4,98.59,Released,N,2024-07-01 12:07:00,01/07/2024 21:31
BATCH-00263,Singapore,PET-03,PH_INF_02,Infectious Disease,1250,1194.8,95.58,Released,FALSE,01/07/2024 19:11,2024-07-03 03:16:00
BATCH-00264,Wuxi,PET-02,PH_CARD_02,Cardiology,250,243.3,97.32,Released,no,2024-07-02 02:49:00,2024-07-03 13:06:00
BATCH-00265,Dublin,BL-02,PH_CARD_01,Cardiology,250,237.5,95.0,Completed,N,2024-07-02 05:28:00,2024-07-03 15:31:00
BATCH-00266,Wuxi,PET-02,PH_NEU_02,Neurology,750,713.4,95.12,REJECTED,0,2024-07-03 18:06:00,2024-07-04 07:15:00
BATCH-00267,Wuxi,PET-03,PH_IMM_01,Immunology,1250,1182.9,94.63,Released,N,2024-07-04 01:11:00,2024-07-04 18:57:00
BATCH-00268,Dublin,BL-03,PH_IMM_02,Immunology,1500,1477.3,98.49,Released,N,2024-07-04 07:27:00,2024-07-05 10:27:00
BATCH-00269,Wuxi,PET-02,PH_ONC_01,Oncology,250,240.8,96.32,On Hold,N,05-Jul-2024 19:38,2024-07-07 03:08:00
BATCH-00270,Wuxi,PET-03,PH_CARD_02,Cardiology,250,239.1,95.64,released,N,2024-07-06 00:44:00,07-Jul-2024 11:03
BATCH-00271,Dublin,PET-01,PH_CARD_02,Cardiology,1000,948.2,,Completed,FALSE,2024-07-06 03:49:00,2024-07-07 09:39:00
BATCH-00272,Singapore,PET-02,PH_GI_01,Others,250,247.1,98.84%,Released,N,2024-07-06 22:13:00,2024-07-08 04:54:00
BATCH-00273,Wuxi,PET-01,PH_IMM_02,Immunology,1000,947.5,94.75,Released,N,2024-07-07 00:19:00,07-Jul-2024 21:08
BATCH-00274,Dublin,PET-02,PH_IMM_01,Immunology,750,723.5,96.47,Released,N,2024-07-07 02:28:00,2024-07-08 05:11:00
BATCH-00275,Dublin,PET-03,PH_IMM_02,Immunology,1000,968.8,96.88,Released,N,2024-07-07 14:05:00,2024-07-08 12:51:00
BATCH-00276,Houston,PET-02,PH_ONC_02,Oncology,1500,1461.2,97.41,Released,N,2024-07-08 08:56:00,2024-07-09 10:15:00
BATCH-00277,Singapore,PET-03,PH_ONC_01,Oncology,1000,864.0,86.4,Completed,Y,2024-07-08 14:54:00,2024-07-09 17:50:00
BATCH-00278,Wuxi,PET-02,PH_NEU_02,Neurology,750,741.1,98.81,Released,N,2024-07-10 21:15:00,2024-07-11 06:36:00
BATCH-00279,Singapore,PET-01,PH_CARD_02,Cardiology,1250,1220.6,97.65,Released,N,2024-07-11 03:31:00,2024-07-11 23:53:00
BATCH-00280,Dublin,PET-03,PH_CARD_01,Cardiology,1500,1481.6,98.77,Completed,No,2024-07-11 22:51:00,2024-07-12 13:20:00
BATCH-00281,Houston,BL-03,PH_IMM_02,Immunology,1000,968.5,96.85,Released,N,2024-07-13 19:43:00,14-Jul-2024 11:46
BATCH-00282,Dublin,BL-01,PH_INF_02,Infectious Disease,750,737.0,98.27,Completed,N,2024-07-14 19:02:00,2024-07-15 13:32:00
BATCH-00283,Houston,BL-03,PH_NEU_01,Neurology,1500,1432.8,95.52,Released,N,15-Jul-2024 05:49,16/07/2024 04:36
BATCH-00284,Dublin,BL-02,PH_GI_01,Others,500,474.0,94.8,Completed,N,2024-07-15 11:31:00,2024-07-16 19:29:00
BATCH-00285,Singapore,PET-02,PH_IMM_02,Immunology,1000,963.5,96.35,Released,N,2024-07-16 18:46:00,2024-07-18 04:02:00
BATCH-00286,Wuxi,PET-03,PH_ONC_01,Oncology,500,482.1,96.42,Released,N,2024-07-18 00:30:00,2024-07-18 12:47:00
BATCH-00287,Singapore,BL-02,PH_CARD_02,Cardiology,1000,959.8,95.98,Released,N,2024-07-19 13:09:00,2024-07-20 17:19:00
BATCH-00288,Dublin,BL-03,PH_IMM_02,Immunology,750,713.1,95.08,Released,N,2024-07-19 17:41:00,2024-07-21 05:13:00
BATCH-00289,HOUSTON,BL-01,PH_IMM_02,Immunology,1500,1476.2,98.41,Released,N,21/07/2024 20:09,2024-07-23 03:44:00
BATCH-00290,Singapore,BL-03,PH_ONC_02,Oncology,1250,1120.1,89.61,Released,Yes,2024-07-22 17:33:00,2024-07-23 10:13:00
BATCH-00291,Wuxi,BL-03,PH_IMM_01,Immunology,500,455.9,91.18,Rejected,Y,22/07/2024 23:40,23/07/2024 14:10
BATCH-00292,Houston,PET-01,PH_ONC_02,Oncology,1250,1194.3,95.54,Released,N,2024-07-23 03:23:00,2024-07-24 08:37:00
BATCH-00293,Wuxi,pet-02,PH_RESP_01,Others,1500,1468.3,97.89,Released,N,2024-07-23 19:41:00,2024-07-24 08:13:00
BATCH-00294,Singapore,BL-03,PH_GI_01,Others,250,240.9,,Released,N,2024-07-24 00:10:00,2024-07-25 03:54:00
BATCH-00295,Wuxi,BL-02,PH_INF_01,Infectious Disease,250,238.7,95.48,Completed,N,2024-07-24 01:04:00,2024-07-23 22:39:35
BATCH-00296,Dublin,BL-03,PH_INF_02,Infectious Disease,1500,1435.5,95.7,Released,N,2024-07-24 01:04:00,24/07/2024 23:50
BATCH-00297,Houston,BL-01,PH_NEU_01,Neurology,250,241.8,96.72,Released,N,2024-07-24 01:51:00,2024-07-24 12:12:00
BATCH-00298,Dublin,BL-01,PH_CARD_01,Cardiology,750,729.0,97.2,Released,N,2024-07-25 08:50:00,2024-07-26 20:22:00
BATCH-00299,Dublin,BL-02,PH_ONC_01,Oncology,750,742.6,99.01,Completed,N,2024-07-25 15:04:00,26/07/2024 20:11
BATCH-00300,Houston,BL-03,PH_INF_01,Infectious Disease,500,443.1,88.62,Released,Y,2024-07-26 13:44:00,2024-07-27 06:31:00
BATCH-00301,Singapore,BL-03,PH_ONC_01,Oncology,1250,1220.9,97.67,Released,N,2024-07-27 19:36:00,2024-07-28 09:56:00
BATCH-00302,Singapore,BL-02,PH_CARD_02,Cardiology,750,733.3,97.77,Released,N,2024-07-29 20:56:00,30/07/2024 08:09
BATCH-00303,Singapore,BL-02,PH_IMM_02,Immunology,1500,1452.6,96.84,Completed,N,30-Jul-2024 22:19,2024-07-31 09:42:00
BATCH-00304,Houston,BL-03,PH_NEU_02,Neurology,500,481.5,96.3,Completed,0,2024-07-31 03:50:00,2024-08-01 12:13:00
BATCH-00305,Houston,PET-02,PH_GI_01,Others,500,512.2,102.44,On Hold,N,2024-08-01 09:08:00,02/08/2024 19:11
BATCH-00305,Houston,PET-02,PH_GI_01,Others,500,512.2,102.44,On Hold,N,2024-08-01 09:08:00,02/08/2024 19:11
BATCH-00306,Wuxi,BL-02,PH_CARD_02,Cardiology,750,720.2,96.03,Completed,N,2024-08-01 11:53:00,2024-08-02 01:57:00
BATCH-00307,Wuxi,BL-02,PH_ONC_01,Oncology,500,482.5,96.5,Released,N,2024-08-01 15:39:00,2024-08-02 01:52:00
BATCH-00308,Wuxi,BL-01,PH_CARD_01,Cardiology,750,720.0,96.0,Released,N,2024-08-02 01:43:00,2024-08-03 00:07:00
BATCH-00309,Wuxi,PET-03,PH_ONC_02,Oncology,1500,1451.2,96.75,Released,N,2024-08-02 15:26:00,2024-08-04 01:53:00
BATCH-00310,houston,BL-02,PH_IMM_01,Immunology,750,703.4,93.79,Released,No,2024-08-03 02:18:00,2024-08-03 12:02:00
BATCH-00311,Singapore,BL-01,PH_IMM_01,Immunology,500,484.2,96.84,Released,N,2024-08-03 17:55:00,2024-08-04 14:37:00
BATCH-00312,Singapore,pet-03,PH_ONC_01,Oncology,1250,1190.2,95.22,Released,N,2024-08-04 07:11:00,2024-08-04 19:04:00
BATCH-00312,Singapore,pet-03,PH_ONC_01,Oncology,1250,1190.2,95.22,Released,N,2024-08-04 07:11:00,2024-08-04 19:04:00
BATCH-00313,Dublin,PET-02,PH_GI_01,Others,750,720.6,96.08,Released,N,2024-08-04 08:13:00,05/08/2024 12:38
BATCH-00314,Houston,PET-02,PH_GI_01,Others,1500,1421.8,94.79,Released,N,2024-08-04 21:22:00,2024-08-05 13:51:00
BATCH-00315,Houston,PET-02,PH_INF_02,Infectious Disease,500,477.1,95.42,Released,N,2024-08-06 06:16:00,2024-08-06 20:16:00
BATCH-00316,Dublin,BL-03,PH_GI_01,Others,750,743.0,99.07,Completed,No,2024-08-08 17:01:00,2024-08-09 08:12:00
BATCH-00317,Dublin,PET-01,PH_RESP_01,Others,500,488.9,97.78,Released,N,2024-08-10 00:25:00,2024-08-11 07:58:00
BATCH-00318,Dublin,PET-02,PH_CARD_02,Cardiology,1250,1178.3,94.26,Released,FALSE,10/08/2024 00:26,2024-08-10 20:22:00
BATCH-00319,Houston,PET-01,PH_IMM_01,Immunology,500,481.5,96.3,Released,N,2024-08-10 05:54:00,2024-08-11 11:18:00
BATCH-00320,Singapore,PET-02,PH_ONC_01,Oncology,500,494.7,98.94,Released,N,2024-08-10 13:07:00,2024-08-11 07:22:00
BATCH-00321,Dublin,PET-03,PH_IMM_01,Immunology,1000,973.2,97.32,Completed,N,2024-08-11 12:49:00,2024-08-12 07:30:00
BATCH-00322,Wuxi,BL-03,PH_ONC_01,Oncology,500,481.2,96.24,Completed,N,2024-08-12 16:41:00,2024-08-14 02:12:00
BATCH-00323,Houston,BL-03,PH_CARD_02,Cardiology,1500,1466.6,97.77,Completed,N,2024-08-12 18:34:00,2024-08-13 18:20:00
BATCH-00324,Wuxi,BL-03,PH_NEU_01,Neurology,1500,1446.0,96.4,Completed,N,2024-08-12 21:37:00,13/08/2024 05:49
BATCH-00325,Dublin,BL-01,PH_GI_01,Others,1250,1219.4,97.55,On Hold,N,2024-08-13 12:39:00,2024-08-14 05:46:00
BATCH-00326,Singapore,PET-03,PH_ONC_02,Oncology,500,477.8,95.56,Released,N,2024-08-15 03:26:00,2024-08-15 16:36:00
BATCH-00327,Dublin,pet-02,PH_INF_02,Infectious Disease,1500,1446.3,96.42,On Hold,N,2024-08-15 12:23:00,2024-08-16 21:47:00
BATCH-00328,Wuxi,BL-01,PH_NEU_02,Neurology,1250,1183.7,94.7%,Released,N,2024-08-16 10:08:00,2024-08-16 21:17:00
BATCH-00329,Wuxi,PET-02,PH_NEU_02,Neurology,250,240.1,96.04,Completed,N,17-Aug-2024 16:02,2024-08-18 01:20:00
BATCH-00330,Wuxi,PET-02,PH_IMM_02,Immunology,500,487.9,97.58%,Released,N,2024-08-17 21:53:00,2024-08-18 23:43:00
BATCH-00331,Houston,BL-01,PH_ONC_01,Oncology,250,242.2,96.88,RELEASED,N,2024-08-18 15:04:00,19-Aug-2024 15:16
BATCH-00332,Singapore,BL-01,PH_GI_01,Others,1250,1205.8,96.46,Released,N,2024-08-18 19:51:00,2024-08-19 08:44:00
BATCH-00333,Singapore,BL-03,PH_IMM_01,Immunology,750,713.7,95.16,On Hold,N,19/08/2024 13:54,2024-08-21 00:46:00
BATCH-00334,Singapore,BL-03,PH_IMM_01,Immunology,1500,1435.2,95.68,Released,N,2024-08-20 02:28:00,2024-08-21 12:16:00
BATCH-00335,Dublin,BL-02,PH_ONC_01,Oncology,500,477.5,95.5,Released,no,2024-08-20 15:25:00,2024-08-21 13:05:00
BATCH-00336,Wuxi,PET-01,PH_NEU_01,Neurology,250,239.5,95.8,Completed,N,2024-08-21 03:56:00,2024-08-21 22:19:00
BATCH-00337,Singapore,pet-03,PH_ONC_01,Oncology,1250,1177.6,94.21,Released,N,2024-08-21 05:01:00,2024-08-21 17:51:00
BATCH-00338,Singapore,BL-02,PH_INF_01,Infectious Disease,500,491.5,98.3,Released,N,2024-08-22 06:09:00,23/08/2024 06:59
BATCH-00339,Wuxi,BL-03,PH_INF_01,Infectious Disease,1500,1466.7,97.78,RELEASED,no,2024-08-22 13:05:00,2024-08-23 05:58:00
BATCH-00340,Dublin,PET-02,PH_INF_01,Infectious Disease,1250,1107.5,88.6,Rejected,Y,2024-08-22 18:07:00,2024-08-23 23:59:00
BATCH-00341,Houston,BL-01,PH_ONC_01,Oncology,250,219.0,87.6,Completed,Y,2024-08-23 13:23:00,2024-08-24 00:54:00
BATCH-00342,Dublin,PET-02,PH_NEU_01,Neurology,250,241.6,96.64,Completed,0,2024-08-24 05:26:00,2024-08-25 08:33:00
BATCH-00343,Houston,PET-02,PH_INF_02,Infectious Disease,750,715.8,95.44,Released,N,2024-08-25 04:52:00,2024-08-26 15:14:00
BATCH-00344,Singapore,BL-02,PH_RESP_01,Others,1500,1412.2,94.15,Released,N,2024-08-25 07:19:00,2024-08-26 17:30:00
BATCH-00345,DUBLIN,BL-01,PH_ONC_01,Oncology,500,480.0,96.0,Completed,N,2024-08-28 03:44:00,2024-08-29 12:50:00
BATCH-00346,Dublin,BL-02,PH_IMM_01,Immunology,500,478.3,95.66,Released,N,2024-08-28 14:22:00,2024-08-28 23:28:00
BATCH-00347,Houston,BL-01,PH_ONC_01,Oncology,250,238.1,95.24,Completed,N,2024-08-30 02:14:00,2024-08-30 10:53:00
BATCH-00348,Wuxi,PET-03,PH_INF_01,Infectious Disease,750,744.4,99.25,Completed,N,30-Aug-2024 07:53,2024-08-31 16:32:00
BATCH-00349,Singapore,BL-02,PH_ONC_01,Oncology,1500,1434.0,95.6,Released,0,2024-09-01 11:47:00,2024-09-01 21:07:00
BATCH-00350,Dublin,BL-03,PH_IMM_02,Immunology,750,719.8,95.97,Completed,N,2024-09-01 21:37:00,2024-09-03 07:30:00
BATCH-00351,Dublin,BL-03,PH_CARD_02,Cardiology,1500,1459.0,97.27%,Completed,N,03/09/2024 07:21,2024-09-04 00:41:00
BATCH-00352,Singapore,BL-01,PH_GI_01,Others,1000,956.2,95.62,Released,N,2024-09-04 00:12:00,2024-09-04 15:51:00
BATCH-00353,Houston,PET-03,PH_ONC_01,Oncology,750,715.7,95.43,Released,N,2024-09-04 15:14:00,2024-09-05 05:39:00
BATCH-00354,Singapore,PET-02,PH_GI_01,Others,1250,1186.3,94.9,Completed,N,2024-09-06 17:28:00,07/09/2024 12:53
BATCH-00355,Wuxi,PET-02,PH_ONC_01,Oncology,1250,1220.9,97.67,released,N,2024-09-06 23:02:00,2024-09-08 06:55:00
BATCH-00356,houston,BL-01,PH_ONC_02,Oncology,1000,953.5,95.35,Released,N,07-Sep-2024 05:00,2024-09-07 19:54:00
BATCH-00357,Singapore,PET-03,PH_NEU_01,Neurology,1500,1437.8,95.85,Completed,N,2024-09-07 17:47:00,2024-09-08 18:35:00
BATCH-00358,Dublin,PET-03,PH_ONC_01,Oncology,1000,957.0,95.7,Released,no,2024-09-08 00:28:00,2024-09-08 18:00:00
BATCH-00359,Houston,BL-01,PH_NEU_02,Neurology,500,473.9,94.78,Released,N,2024-09-08 04:55:00,09/09/2024 14:47
BATCH-00360,Singapore,BL-01,PH_ONC_01,Oncology,250,238.9,95.56,Completed,N,2024-09-08 16:29:00,2024-09-09 23:43:00
BATCH-00361,Dublin,PET-02,PH_INF_01,Infectious Disease,250,239.9,95.96,Released,N,2024-09-09 05:52:00,2024-09-10 05:20:00
BATCH-00362,Wuxi,PET-03,PH_NEU_02,Neurology,250,242.2,96.88,Released,0,2024-09-10 08:45:00,2024-09-11 00:56:00
BATCH-00363,Houston,BL-01,PH_ONC_02,Oncology,500,483.2,96.64,Released,No,10/09/2024 21:31,2024-09-11 20:18:00
BATCH-00364,Dublin,PET-02,PH_ONC_01,Oncology,750,,98.99,Released,0,11/09/2024 03:22,2024-09-12 05:56:00
BATCH-00365,Houston,PET-02,PH_ONC_01,Oncology,1000,975.0,97.5,Released,N,2024-09-11 16:02:00,2024-09-12 01:31:00
BATCH-00366,Singapore,PET-03,PH_GI_01,Others,750,733.2,97.76,Released,N,2024-09-11 16:43:00,2024-09-13 04:04:00
BATCH-00367,Dublin,PET-02,PH_RESP_01,Others,250,240.3,96.12%,Released,N,2024-09-12 17:00:00,2024-09-13 04:01:00
BATCH-00368,Singapore,PET-03,PH_ONC_01,Oncology,250,239.8,95.92,Released,N,2024-09-12 21:36:00,2024-09-13 07:50:00
BATCH-00369,Singapore,BL-01,PH_CARD_02,Cardiology,750,740.4,98.72,Released,N,13/09/2024 13:17,2024-09-14 20:56:00
BATCH-00370,Houston,BL-03,PH_ONC_01,Oncology,1000,963.0,96.3,Released,N,2024-09-15 05:56:00,2024-09-15 18:08:00
BATCH-00371,Dublin,BL-02,PH_IMM_02,Immunology,500,473.4,94.68,Completed,N,2024-09-16 03:18:00,2024-09-17 06:54:00
BATCH-00372,Singapore,bl-03,PH_CARD_01,Cardiology,1000,950.1,95.01,Completed,N,2024-09-16 12:39:00,2024-09-17 17:08:00
BATCH-00373,Singapore,BL-01,PH_NEU_01,Neurology,1250,1208.6,96.69,Released,N,2024-09-16 22:54:00,2024-09-18 01:40:00
BATCH-00374,Houston,BL-03,PH_CARD_01,Cardiology,1250,1194.1,95.53,released,N,19/09/2024 13:24,20/09/2024 15:49
BATCH-00375,Wuxi,BL-03,PH_GI_01,Others,1500,1441.3,96.09,Released,N,2024-09-19 23:12:00,2024-09-20 23:33:00
BATCH-00376,Wuxi,PET-01,,Others,1500,1444.4,96.29,Released,N,2024-09-22 22:28:00,2024-09-23 16:21:00
BATCH-00377,Wuxi,BL-01,PH_ONC_01,Oncology,1250,1200.0,96.0,Completed,No,2024-09-23 12:15:00,2024-09-24 07:43:00
BATCH-00378,Dublin,PET-01,PH_CARD_02,Cardiology,250,239.9,95.96,Released,N,2024-09-23 15:51:00,2024-09-24 21:18:00
BATCH-00379,Houston,BL-02,PH_IMM_02,Immunology,1250,1247.5,99.8,Completed,No,24-Sep-2024 05:20,2024-09-24 23:52:00
BATCH-00380,Singapore,pet-02,PH_NEU_01,Neurology,1000,950.9,95.09,Released,N,2024-09-25 06:44:00,2024-09-25 17:35:00
BATCH-00381,Wuxi,PET-01,PH_INF_02,Infectious Disease,1500,1464.2,97.61,Released,N,2024-09-25 11:20:00,26/09/2024 19:18
BATCH-00382,Singapore,BL-03,PH_IMM_02,Immunology,250,241.7,96.68%,Released,N,26-Sep-2024 02:28,2024-09-27 13:00:00
BATCH-00383,Houston,PET-02,PH_ONC_01,Oncology,750,672.0,89.6,Released,Y,2024-09-26 20:35:00,2024-09-27 16:31:00
BATCH-00384,Houston,BL-02,PH_ONC_02,Oncology,1000,,95.76,Released,0,2024-09-26 21:41:00,2024-09-27 14:53:00
BATCH-00385,WUXI,BL-03,PH_IMM_02,Immunology,250,241.0,96.4,Released,N,2024-09-27 14:34:00,2024-09-28 21:48:00
BATCH-00386,Singapore,BL-02,PH_INF_02,Infectious Disease,1500,1452.5,96.83,Released,N,2024-09-28 11:50:00,2024-09-28 21:52:00
BATCH-00387,Singapore,BL-01,PH_NEU_02,Neurology,500,475.3,95.06,Released,N,2024-09-28 14:52:00,2024-09-29 16:01:00
BATCH-00388,Dublin,PET-02,PH_CARD_01,Cardiology,1500,1437.9,95.86,Released,N,2024-09-28 15:50:00,2024-09-29 17:04:00
BATCH-00389,Houston,PET-03,PH_NEU_01,Neurology,750,727.4,96.99,On Hold,N,2024-09-29 04:09:00,2024-09-30 01:59:00
BATCH-00390,Dublin,BL-03,PH_NEU_01,Neurology,250,245.1,98.04,Released,N,2024-10-04 21:43:00,2024-10-06 01:59:00
BATCH-00391,Dublin,PET-01,PH_ONC_02,Oncology,750,734.0,97.87,Completed,N,2024-10-05 12:36:00,2024-10-06 02:42:00
BATCH-00392,Wuxi,PET-01,PH_IMM_02,Immunology,1500,1351.1,90.07,Rejected,Y,05/10/2024 16:24,2024-10-07 04:05:00
BATCH-00393,Singapore,BL-03,PH_CARD_01,Cardiology,1500,1462.1,97.47,Released,N,2024-10-06 08:50:00,2024-10-07 00:38:00
BATCH-00394,Wuxi,BL-03,PH_ONC_01,Oncology,1250,1223.5,97.88,Released,N,2024-10-07 08:29:00,2024-10-07 19:39:00
BATCH-00395,Singapore,PET-01,PH_INF_01,Infectious Disease,750,725.6,96.75,Completed,N,08/10/2024 02:38,2024-10-09 04:31:00
BATCH-00396,Singapore,BL-01,PH_CARD_01,Cardiology,1000,960.6,96.06,Released,N,2024-10-08 04:32:00,2024-10-09 06:16:00
BATCH-00397,Wuxi,PET-02,PH_GI_01,Others,750,678.2,90.43,On Hold,Y,2024-10-08 16:37:00,2024-10-09 18:47:00
BATCH-00398,Singapore,BL-02,PH_ONC_01,Oncology,1000,945.8,94.58,Released,0,09-Oct-2024 16:16,2024-10-11 01:15:00
BATCH-00399,Dublin,PET-02,PH_CARD_02,Cardiology,750,721.3,96.17,Released,N,2024-10-09 17:50:00,2024-10-10 07:28:00
BATCH-00400,DUBLIN,PET-02,PH_GI_01,Others,750,730.1,97.35,Released,N,2024-10-10 10:52:00,2024-10-11 11:25:00
BATCH-00401,Singapore,PET-01,PH_ONC_01,Oncology,750,730.3,97.37,Completed,N,2024-10-13 16:43:00,2024-10-14 22:54:00
BATCH-00402,Wuxi,BL-03,PH_RESP_01,Others,500,479.5,95.9,released,N,2024-10-15 13:16:00,2024-10-16 06:44:00
BATCH-00403,Wuxi,PET-02,PH_ONC_01,Oncology,500,485.5,97.1,Released,N,2024-10-16 15:26:00,2024-10-18 03:03:00
BATCH-00404,Dublin,BL-02,PH_IMM_01,Immunology,1250,1194.5,95.56,Released,N,2024-10-16 15:45:00,2024-10-18 02:01:00
BATCH-00405,Wuxi,BL-01,PH_INF_02,Infectious Disease,500,479.2,95.84,Completed,N,2024-10-16 19:20:00,2024-10-17 03:26:00
BATCH-00406,Dublin,PET-02,PH_CARD_01,Cardiology,250,242.0,96.8,Completed,N,2024-10-16 20:59:00,2024-10-18 07:42:00
BATCH-00407,Dublin,BL-02,PH_ONC_02,Oncology,1500,1428.6,95.24,Released,N,2024-10-17 13:25:00,2024-10-18 12:32:00
BATCH-00408,Singapore,PET-03,PH_CARD_02,Cardiology,500,482.6,96.52,Released,N,2024-10-17 22:40:00,18/10/2024 07:49
BATCH-00409,Singapore,PET-02,PH_CARD_02,Cardiology,750,715.5,95.4,Released,No,2024-10-19 10:47:00,2024-10-20 21:20:00
BATCH-00410,Dublin,BL-03,PH_INF_02,Infectious Disease,500,490.1,98.02,Released,0,19/10/2024 16:57,2024-10-20 11:03:00
BATCH-00411,Houston,BL-01,PH_GI_01,Others,1000,958.5,95.85,Released,N,2024-10-21 04:13:00,2024-10-22 06:32:00
BATCH-00412,DUBLIN,BL-03,PH_CARD_02,Cardiology,500,477.5,95.5,Released,N,2024-10-21 10:12:00,2024-10-21 21:29:00
BATCH-00413,Dublin,BL-01,PH_INF_02,Infectious Disease,750,724.9,96.65,On Hold,N,2024-10-21 19:06:00,2024-10-23 06:59:00
BATCH-00414,Dublin ,PET-03,PH_ONC_02,Oncology,1000,958.9,95.89,Released,FALSE,2024-10-21 20:48:00,2024-10-22 20:40:00
BATCH-00415,Dublin,BL-03,PH_CARD_02,Cardiology,1000,942.4,94.24,Released,N,21/10/2024 23:42,2024-10-23 08:27:00
BATCH-00416,Dublin,PET-02,PH_CARD_01,Cardiology,500,483.6,96.72%,Released,N,22-Oct-2024 02:47,2024-10-22 10:59:00
BATCH-00417,Wuxi,BL-01,PH_NEU_01,Neurology,1250,1190.4,95.23,Released,N,2024-10-22 09:12:00,2024-10-23 17:42:00
BATCH-00418,Wuxi,BL-01,PH_ONC_01,Oncology,750,721.2,96.16,Released,N,2024-10-26 01:24:00,2024-10-27 00:20:00
BATCH-00419,Houston,PET-01,PH_ONC_02,Oncology,250,247.5,99.0,Released,N,2024-10-27 10:13:00,2024-10-28 07:38:00
BATCH-00420, Wuxi,PET-03,PH_RESP_01,Others,1000,965.8,,Released,N,2024-10-28 20:37:00,2024-10-29 14:43:00
BATCH-00421,Houston,PET-03,PH_CARD_02,Cardiology,250,231.2,92.48,Released,N,28/10/2024 23:04,2024-10-30 09:51:00
BATCH-00422,Wuxi,BL-02,PH_INF_02,Infectious Disease,750,722.4,96.32,Released,N,29/10/2024 02:53,2024-10-30 00:02:00
BATCH-00423,Wuxi,PET-03,PH_CARD_02,Cardiology,750,711.5,94.87,Released,N,2024-10-29 04:07:00,2024-10-30 15:27:00
BATCH-00424,Dublin ,BL-02,PH_CARD_02,Cardiology,250,233.5,93.4,Released,N,2024-10-30 05:45:00,2024-10-31 03:33:00
BATCH-00425,Singapore,PET-02,PH_IMM_01,Immunology,250,242.2,96.88,Released,N,2024-10-31 02:01:00,2024-11-01 04:01:00
BATCH-00426,Singapore,PET-02,PH_GI_01,Others,1000,962.2,96.22,Completed,N,2024-11-01 23:27:00,2024-11-03 05:33:00
BATCH-00427,Dublin,BL-01,PH_IMM_02,Immunology,250,242.7,97.08,Released,N,02/11/2024 04:38,2024-11-03 11:21:00
BATCH-00428, Wuxi,BL-01,PH_ONC_01,Oncology,750,727.8,97.04,Completed,N,2024-11-03 15:57:00,2024-11-04 19:03:00
BATCH-00429,Houston,PET-03,PH_ONC_02,Oncology,1250,1204.2,96.34,Released,N,2024-11-04 13:54:00,2024-11-05 06:37:00
BATCH-00430,Wuxi,BL-03,PH_IMM_02,Immunology,500,493.5,98.7,Released,N,2024-11-04 16:28:00,2024-11-05 20:52:00
BATCH-00431,Wuxi,BL-01,PH_GI_01,Others,750,726.1,96.81,Completed,FALSE,2024-11-06 12:12:00,07-Nov-2024 03:12
BATCH-00432,Houston,PET-01,PH_IMM_02,Immunology,750,703.1,93.75,Released,N,2024-11-07 06:30:00,2024-11-08 01:31:00
BATCH-00433,Singapore,PET-02,PH_INF_02,Infectious Disease,500,466.2,93.24,Released,N,2024-11-08 22:57:00,2024-11-09 15:15:00
BATCH-00434,Dublin,PET-03,PH_IMM_01,Immunology,250,241.3,96.52,Released,N,2024-11-09 06:33:00,2024-11-10 15:40:00
BATCH-00435,Wuxi,BL-02,PH_ONC_01,Oncology,1250,1191.1,95.29,Released,N,2024-11-09 18:54:00,2024-11-11 02:55:00
BATCH-00436,Dublin,BL-01,PH_RESP_01,Others,250,241.3,96.52,Completed,N,2024-11-11 22:19:00,2024-11-12 16:52:00
BATCH-00437,Houston,BL-03,PH_ONC_01,Oncology,250,238.2,95.28,Released,N,2024-11-12 11:57:00,2024-11-13 21:40:00
BATCH-00438,Dublin,bl-01,PH_RESP_01,Others,1250,1185.9,NA,On Hold,0,2024-11-12 23:38:00,2024-11-13 23:10:00
BATCH-00439,Dublin,BL-01,PH_IMM_02,Immunology,1000,952.5,95.25,Released,,2024-11-13 01:17:00,2024-11-14 00:09:00
BATCH-00440,Houston,BL-01,PH_CARD_02,Cardiology,750,733.7,97.83,Released,N,2024-11-13 14:04:00,2024-11-13 23:57:00
BATCH-00441,singapore,BL-03,PH_INF_01,Infectious Disease,250,242.1,96.84,Released,N,2024-11-14 06:57:00,2024-11-15 03:11:00
BATCH-00442,Dublin,PET-02,PH_CARD_01,Cardiology,1250,1194.3,95.54,Released,N,2024-11-14 19:40:00,2024-11-16 01:01:00
BATCH-00443,Dublin,PET-01,PH_GI_01,Others,1250,1212.3,96.98,Released,N,2024-11-15 03:09:00,16/11/2024 11:27
BATCH-00444,Singapore,PET-03,PH_ONC_01,Oncology,250,241.6,96.64,Completed,N,2024-11-18 01:07:00,2024-11-18 12:42:00
BATCH-00445,Houston,PET-01,PH_CARD_01,Cardiology,250,235.4,94.16,On Hold,N,2024-11-18 02:52:00,2024-11-19 07:48:00
BATCH-00446,Singapore,BL-03,PH_IMM_02,Immunology,1250,1202.2,96.18,Released,N,2024-11-18 04:18:00,2024-11-19 13:04:00
BATCH-00447,Wuxi,PET-03,PH_RESP_01,Others,750,730.0,97.33,Completed,N,18/11/2024 16:26,2024-11-19 23:26:00
BATCH-00448,Dublin,PET-01,PH_INF_01,Infectious Disease,1500,1452.5,96.83,Completed,N,19/11/2024 20:20,2024-11-20 05:20:00
BATCH-00449,Wuxi,BL-01,PH_ONC_01,Oncology,500,484.5,96.9,Released,N,2024-11-20 03:42:00,2024-11-21 04:48:00
BATCH-00450,Singapore,PET-02,PH_INF_01,Infectious Disease,250,242.4,96.96,Released,N,2024-11-20 06:24:00,2024-11-20 21:40:00
BATCH-00451,Wuxi,PET-03,PH_CARD_02,Cardiology,1500,1454.9,96.99,Released,N,2024-11-21 00:26:00,2024-11-22 02:25:00
BATCH-00452, Dublin,BL-03,PH_NEU_02,Neurology,750,709.3,94.57,Released,N,2024-11-21 09:47:00,2024-11-22 13:13:00
BATCH-00453,Wuxi,PET-02,PH_ONC_02,Oncology,1000,961.8,96.18,Released,N,2024-11-21 11:36:00,2024-11-22 02:19:00
BATCH-00454,Wuxi,PET-03,PH_ONC_01,Oncology,500,477.8,95.56,Released,no,2024-11-21 20:35:00,2024-11-21 17:17:03
BATCH-00455,Singapore,PET-03,PH_NEU_02,Neurology,750,719.6,95.95,Released,N,2024-11-22 17:24:00,2024-11-23 20:54:00
BATCH-00456,Singapore,BL-02,PH_NEU_02,Neurology,1500,1441.1,96.07,Released,N,2024-11-22 18:48:00,2024-11-24 01:21:00
BATCH-00457,WUXI,PET-02,PH_RESP_01,Others,1250,1194.0,95.52,Completed,no,2024-11-23 21:17:00,2024-11-24 05:59:00
BATCH-00458,Singapore,PET-02,PH_IMM_01,Immunology,500,482.3,96.46,Released,N,2024-11-24 00:45:00,2024-11-24 22:16:00
BATCH-00459,Houston,bl-01,PH_ONC_02,Oncology,1000,966.0,96.6,Released,N,2024-11-24 05:05:00,2024-11-24 20:34:00
BATCH-00460,Wuxi,BL-01,PH_IMM_01,Immunology,1000,949.9,94.99,Released,N,2024-11-24 09:52:00,25/11/2024 02:45
BATCH-00461,Dublin,BL-03,PH_CARD_01,Cardiology,500,472.7,94.54,Released,N,2024-11-24 16:23:00,2024-11-25 13:15:00
BATCH-00462,Dublin,PET-03,PH_INF_02,Infectious Disease,1000,946.8,94.68,released,N,2024-11-24 18:14:00,2024-11-25 21:42:00
BATCH-00463,Wuxi,BL-02,PH_IMM_01,Immunology,1000,934.2,93.42,released,N,2024-11-28 00:37:00,29/11/2024 09:56
BATCH-00464,Houston,PET-02,PH_GI_01,Others,500,484.6,96.92,Released,N,2024-11-28 02:34:00,2024-11-29 06:07:00
BATCH-00465,Houston,BL-01,PH_IMM_01,Immunology,1500,1437.8,95.85,Completed,N,2024-11-28 11:17:00,29-Nov-2024 10:45
BATCH-00466,Wuxi,BL-01,PH_INF_02,Infectious Disease,1500,1450.2,96.68,Released,N,2024-11-30 12:47:00,01-Dec-2024 10:18
BATCH-00467,Dublin,PET-01,PH_CARD_01,Cardiology,250,239.0,95.6,Completed,N,2024-12-01 15:07:00,02/12/2024 21:16
BATCH-00468,Dublin,BL-02,PH_RESP_01,Others,1000,974.0,97.4,Released,N,2024-12-01 18:08:00,2024-12-03 05:32:00
BATCH-00469,SINGAPORE,PET-02,PH_ONC_02,Oncology,250,240.2,96.08,Released,N,2024-12-01 22:00:00,2024-12-03 09:24:00
BATCH-00469,SINGAPORE,PET-02,PH_ONC_02,Oncology,250,240.2,96.08,Released,N,2024-12-01 22:00:00,2024-12-03 09:24:00
BATCH-00470,Dublin,pet-01,PH_INF_01,Infectious Disease,1250,1203.8,96.3,Released,N,2024-12-01 22:12:00,2024-12-02 22:41:00
BATCH-00471,Wuxi,PET-02,PH_IMM_01,Immunology,1250,1211.8,96.94,Completed,N,02-Dec-2024 16:31,2024-12-03 04:15:00
BATCH-00472,Wuxi,PET-02,PH_GI_01,Others,1250,1247.5,99.8,Released,No,2024-12-03 01:14:00,2024-12-03 17:28:00
BATCH-00473,Dublin,PET-03,PH_CARD_02,Cardiology,1250,1089.9,87.19,Released,Y,2024-12-03 20:10:00,2024-12-05 07:08:00
BATCH-00474,Houston,BL-01,PH_NEU_02,Neurology,250,238.2,95.28,On Hold,N,04-Dec-2024 07:57,2024-12-04 17:19:00
BATCH-00475,Wuxi,PET-02,PH_CARD_01,Cardiology,250,235.8,94.32,Completed,Y,2024-12-05 17:07:00,06/12/2024 08:21
BATCH-00476,Houston,PET-03,PH_RESP_01,Others,1500,1433.0,95.53,Released,N,2024-12-07 22:58:00,2024-12-09 01:59:00
BATCH-00477,Wuxi,BL-03,PH_ONC_02,Oncology,750,727.9,97.05,Released,N,2024-12-08 10:49:00,2024-12-09 10:44:00
BATCH-00478,Singapore,BL-03,PH_ONC_02,Oncology,500,452.7,90.54,On Hold,Y,2024-12-09 11:32:00,10-Dec-2024 04:43
BATCH-00479,Wuxi,BL-01,PH_GI_01,Others,1500,1433.9,95.59,Released,N,10/12/2024 15:29,2024-12-11 12:29:00
BATCH-00480,Singapore,BL-01,PH_INF_02,Infectious Disease,1000,978.2,97.82%,Completed,N,2024-12-12 23:32:00,2024-12-13 23:21:00
BATCH-00480,Singapore,BL-01,PH_INF_02,Infectious Disease,1000,978.2,97.82%,Completed,N,2024-12-12 23:32:00,2024-12-13 23:21:00
BATCH-00481,Wuxi,BL-01,PH_ONC_01,Oncology,250,243.1,97.24,Released,N,2024-12-13 11:34:00,2024-12-14 22:36:00
BATCH-00482,Wuxi,BL-01,PH_GI_01,Others,1000,955.8,95.58,Released,N,2024-12-13 23:50:00,2024-12-14 21:13:00
BATCH-00483,wuxi,BL-01,PH_ONC_02,Oncology,750,757.4,100.98,Completed,Y,2024-12-14 16:06:00,2024-12-15 02:51:00
BATCH-00484,Houston,PET-02,PH_ONC_02,Oncology,1250,1207.3,96.58,Released,N,2024-12-14 22:57:00,2024-12-15 13:15:00
BATCH-00485,Dublin,PET-01,PH_IMM_01,Immunology,1000,974.7,97.47,Released,N,2024-12-14 23:53:00,2024-12-16 07:27:00
BATCH-00486,Wuxi,BL-02,PH_ONC_01,Oncology,1250,1195.5,95.64,Released,N,2024-12-15 13:15:00,2024-12-16 23:03:00
BATCH-00487,Wuxi,PET-01,PH_CARD_02,Cardiology,1500,1358.8,90.59,On Hold,Y,2024-12-15 13:18:00,2024-12-16 02:36:00
BATCH-00488,Houston,PET-03,PH_RESP_01,Others,250,243.3,97.32,Completed,N,2024-12-16 02:53:00,2024-12-16 11:45:00
BATCH-00489,Wuxi,PET-03,PH_IMM_01,Immunology,1250,,,In Progress,N,2024-12-30 18:42:00,
BATCH-00490,Dublin,PET-02,PH_CARD_01,Cardiology,1500,,,In Progress,N,2024-12-30 19:28:00,
BATCH-00491,Dublin,BL-03,PH_ONC_02,Oncology,1000,,,In Progress,N,2024-12-30 21:31:00,
BATCH-00492,Houston,PET-01,PH_RESP_01,Others,1250,,,In Progress,N,2024-12-30 22:22:00,
BATCH-00493,Dublin,PET-02,PH_NEU_02,Neurology,750,,,In Progress,N,2024-12-30 22:53:00,
BATCH-00494,Dublin,PET-03,PH_CARD_01,Cardiology,1500,,,In Progress,N,2024-12-31 01:02:00,
BATCH-00495,Wuxi,PET-02,PH_INF_02,Infectious Disease,1000,,,In Progress,N,2024-12-31 04:11:00,
BATCH-00496,Wuxi,BL-02,PH_ONC_01,Oncology,250,,,In Progress,N,2024-12-31 07:24:00,
BATCH-00497,Dublin,BL-02,PH_CARD_01,Cardiology,1250,,,In Progress,N,2024-12-31 08:07:00,
BATCH-00498,Wuxi,PET-03,PH_NEU_01,Neurology,1000,,,In Progress,N,2024-12-31 08:18:00,
BATCH-00499,Houston,BL-03,PH_CARD_01,Cardiology,500,,,In Progress,N,2024-12-31 11:14:00,
BATCH-00500,Wuxi,PET-01,PH_INF_02,Infectious Disease,750,,,In Progress,N,2024-12-31 14:06:00,
